legislator_id,nombre,partido,partido_id,comunidad,degree_centrality,betweenness_centrality,covotacion_intra_partido,covotacion_inter_partido_prom
P00001,"Adame Castillo, Marco Antonio",PAN,O12,0,0.4072964631853147,4.722140695550953e-05,0.9116760469940945,0.46952399374306325
P00002,"Aguilar Bodegas, José Antonio",PRI,O15,0,0.41525474822252595,5.5924759394301526e-05,0.9554552293892985,0.47182182003324546
P00003,"Alanís Quiñones, Adrián",PRI,O15,0,0.4176247417217161,5.5924759394301526e-05,0.9554552293892985,0.47182182003324546
P00004,"Aldana Prieto, Luis Ricardo",PRI,O15,0,0.41807275317297804,5.5924759394301526e-05,0.9554552293892985,0.47182182003324546
P00005,"Amar Shabshab, Wadi",PAN,O12,0,0.39630404262440944,4.521237039459336e-05,0.9116760469940945,0.46952399374306325
P00006,"Amaya Téllez, Rodimiro",SG,O19,0,0.41591631251274824,5.5924759394301526e-05,0.8444387962968763,0.46232936059866186
P00007,"Angeles Cerón, Esteban Miguel",PRI,O15,0,0.40833015558653984,4.9292506008953104e-05,0.9554552293892985,0.47182182003324546
P00008,"Arias Aparicio, Eduardo",PAN,O12,0,0.4175052821379854,5.5924759394301526e-05,0.9116760469940945,0.46952399374306325
P00009,"Astudillo Flores, Héctor Antonio",PRI,O15,0,0.4156315551704973,5.416858220667523e-05,0.9554552293892985,0.47182182003324546
P00010,"Ayala Almeida, Joel",PRI,O15,0,0.8265847041464269,0.020225281611154,0.9554552293892985,0.47182182003324546
P00011,"Bartlett Díaz, Manuel",PT,O14,0,0.7107001423646265,0.020265875782756092,0.934364852785745,0.475415719551223
P00012,"Becerra Rodríguez, Salvador",PAN,O12,0,0.37984966707650053,2.2460482125113258e-05,0.9116760469940945,0.46952399374306325
P00013,"Bojórquez Mungaray, Francisco",PRI,O15,0,0.4151836853124199,5.343177888916155e-05,0.9554552293892985,0.47182182003324546
P00014,"Bonilla Robles, José Eulogio",PRI,O15,0,0.4167680302659679,5.3895510509157346e-05,0.9554552293892985,0.47182182003324546
P00015,"Buganza Salmerón, Gerardo",PAN,O12,0,0.4206029095164285,5.5924759394301526e-05,0.9116760469940945,0.46952399374306325
P00016,"Camacho Quiroz, César",PRI,O15,0,0.400136324318323,4.16926780244677e-05,0.9554552293892985,0.47182182003324546
P00017,"Campuzano González, Rómulo",PAN,O12,0,0.385200132889818,3.720918153512502e-05,0.9116760469940945,0.46952399374306325
P00018,"Canavati Tafich, Ricardo",PRI,O15,0,0.4028903168411528,4.627488121962667e-05,0.9554552293892985,0.47182182003324546
P00019,"Cañedo Benitez, Rafael",PRI,O15,0,0.41174372643393603,5.343177888916155e-05,0.9554552293892985,0.47182182003324546
P00020,"Cantón Zetina, Oscar",PRI,O15,0,0.6415277681133063,0.03622057848939061,0.9554552293892985,0.47182182003324546
P00021,"Cárdenas Batel, Lázaro",PRD,O18,0,0.41771500593768984,5.5924759394301526e-05,0.9055823838133175,0.4952405477903537
P00022,"Cárdenas Gutiérrez, Gustavo A",PAN,O12,0,0.41360365819193706,5.3895510509157346e-05,0.9116760469940945,0.46952399374306325
P00023,"Cárdenas Hernández, Raymundo",PRD,O18,0,0.4176705457264061,5.5924759394301526e-05,0.9055823838133175,0.4952405477903537
P00024,"Castañeda Pérez, José Alberto",PAN,O12,0,0.3970830727249858,4.597616579170926e-05,0.9116760469940945,0.46952399374306325
P00025,"Castellanos Cortés, Sara Isabel",PVEM,O13,0,0.24458280601700208,2.527533368811477e-08,0.9640929988437204,0.49054998393886995
P00026,"Castro Castro, José Adalberto",PRI,O15,0,0.3157895767462957,2.337867565358534e-06,0.9554552293892985,0.47182182003324546
P00027,"Castro Cervantes, Moisés",PRD,O18,0,0.4175148515006074,5.5924759394301526e-05,0.9055823838133175,0.4952405477903537
P00028,"Chaurand Arzate, Carlos",PRI,O15,0,0.4130216266827406,5.052708889816326e-05,0.9554552293892985,0.47182182003324546
P00029,"Chavarría Barrera, Armando",PRD,O18,0,0.23368196544984296,2.527533368811477e-08,0.9055823838133175,0.4952405477903537
P00030,"Cisneros Fernández, Joaquín",PRI,O15,0,0.4032563864897812,4.052189159919291e-05,0.9554552293892985,0.47182182003324546
P00031,"Colosio Fernández, Luis",PRI,O15,0,0.4182709365851268,5.5924759394301526e-05,0.9554552293892985,0.47182182003324546
P00032,"Corral Avila, Ramón",PAN,O12,0,0.3996337283095136,3.794673759530257e-05,0.9116760469940945,0.46952399374306325
P00033,"Corral Jurado, Javier",PAN,O12,0,1.0,0.0906448516478147,0.9116760469940945,0.46952399374306325
P00034,"Corral Romero, María del Carmen",PAN,O12,0,0.4187270489008818,5.5924759394301526e-05,0.9116760469940945,0.46952399374306325
P00035,"Cortina Reynoso, Manuel",PAN,O12,0,0.4123535981886733,5.257283198771925e-05,0.9116760469940945,0.46952399374306325
P00036,"Cota Osuna, José Carlos",PRI,O15,0,0.41609027296245144,5.5924759394301526e-05,0.9554552293892985,0.47182182003324546
P00037,"Cruz Martínez, Marcos Carlos",PRD,O18,0,0.4178185083489124,5.5924759394301526e-05,0.9055823838133175,0.4952405477903537
P00038,"Cruz Muñoz, María Elena",PAN,O12,0,0.4187031833272421,5.5924759394301526e-05,0.9116760469940945,0.46952399374306325
P00039,"De la Vega García, Netzahualcóyotl",PRI,O15,0,0.41924467405513544,5.5924759394301526e-05,0.9554552293892985,0.47182182003324546
P00040,"Díaz Castro, Lauro",PRI,O15,0,0.4182366396017084,5.5924759394301526e-05,0.9554552293892985,0.47182182003324546
P00041,"Domínguez López, Silvia Asunción",PRI,O15,0,0.4182246984822366,5.5924759394301526e-05,0.9554552293892985,0.47182182003324546
P00042,"Escalante Jasso, Aracely",PRI,O15,0,0.4190015757722917,5.5924759394301526e-05,0.9554552293892985,0.47182182003324546
P00043,"Escandón Cadenas, Rutilio Cruz",PRD,O18,0,0.4139359195518582,5.3895510509157346e-05,0.9055823838133175,0.4952405477903537
P00044,"Esquivel Reyes, Rita María",PAN,O12,0,0.41590989598018613,5.5924759394301526e-05,0.9116760469940945,0.46952399374306325
P00045,"Fernández de Cevallos Ramos, Diego",PAN,O12,0,0.3368763754786586,7.470474510077479e-06,0.9116760469940945,0.46952399374306325
P00046,"Fernández de Cevallos y Urueta, Francisco",PAN,O12,0,0.4198231683011382,5.5924759394301526e-05,0.9116760469940945,0.46952399374306325
P00047,"Fernández Rodríguez, Marco Antonio",PRI,O15,0,0.3957377827259238,4.535862514548661e-05,0.9554552293892985,0.47182182003324546
P00048,"Ferrer Rodríguez, María Esther",PAN,O12,0,0.33163884356025963,6.125002157326748e-06,0.9116760469940945,0.46952399374306325
P00049,"Fraile García, Francisco A",PAN,O12,0,0.416197004707106,5.5924759394301526e-05,0.9116760469940945,0.46952399374306325
P00050,"Franco Jiménez, Jorge Eduardo",PRI,O15,0,0.4187015831264465,5.5924759394301526e-05,0.9554552293892985,0.47182182003324546
P00051,"Galván Muñoz, Jesús",PAN,O12,0,0.41897673120230516,5.5924759394301526e-05,0.9116760469940945,0.46952399374306325
P00052,"Gamboa Patrón, Emilio",PRI,O15,1,0.8405611870924113,0.02141091806456953,0.9554552293892985,0.47182182003324546
P00053,"García Torres, Antonio",PRI,O15,0,0.4199753337953642,5.5924759394301526e-05,0.9554552293892985,0.47182182003324546
P00054,"Garza Galindo, Laura Alicia",PRI,O15,0,0.3658879076086392,2.1871683442136067e-05,0.9554552293892985,0.47182182003324546
P00055,"Gil Elorduy, José Ernesto",PRI,O15,0,0.41072089844730025,4.722140695550953e-05,0.9554552293892985,0.47182182003324546
P00056,"Gómez Bravo, Emilia Patricia",PVEM,O13,0,0.4110425360501627,4.9292506008953104e-05,0.9640929988437204,0.49054998393886995
P00057,"Gómez Esparza, Fernando",PRI,O15,0,0.4120563559699713,4.9292506008953104e-05,0.9554552293892985,0.47182182003324546
P00058,"Gómez Verónica, Gildardo",PAN,O12,0,0.4070445995834484,4.360686852439295e-05,0.9116760469940945,0.46952399374306325
P00059,"González González, Rigoberto",PAN,O12,0,0.4198731637989039,5.5924759394301526e-05,0.9116760469940945,0.46952399374306325
P00060,"González Hernández, Yolanda Eugenia",PRI,O15,0,0.3340290247088442,7.101965415789831e-06,0.9554552293892985,0.47182182003324546
P00061,"González Martínez, Jorge Emilio",PVEM,O13,0,0.6852514205248311,0.012797179443576131,0.9640929988437204,0.49054998393886995
P00062,"Guerrero López, Judit Magdalena",PRI,O15,0,0.39659160874533544,3.9918876987929644e-05,0.9554552293892985,0.47182182003324546
P00063,"Gutierrez Barrios, Fernando",PRI,O15,0,0.4120049593238562,5.2369418624522315e-05,0.9554552293892985,0.47182182003324546
P00065,"Hamdan Amad, Fauzi",PAN,O12,0,0.4176790919151121,5.392390611801612e-05,0.9116760469940945,0.46952399374306325
P00066,"Hernández Deras, Ismael A.",PRI,O15,0,0.4156660627657675,5.5924759394301526e-05,0.9554552293892985,0.47182182003324546
P00067,"Hernández Genis, Héctor Javier",PAN,O12,0,0.419243160633504,5.343177888916155e-05,0.9116760469940945,0.46952399374306325
P00068,"Montaño Yamuni, Joaquín",PAN,O12,0,0.40272844526074963,5.5924759394301526e-05,0.9116760469940945,0.46952399374306325
P00069,"Morgan Alvarez, Rafael Gilberto",PAN,O12,0,0.40909554182594576,5.052601826869888e-05,0.9116760469940945,0.46952399374306325
P00070,"Mota Sánchez, Ramón",PRI,O15,0,0.4075525831824016,5.5924759394301526e-05,0.9554552293892985,0.47182182003324546
P00071,"Muñoz Parra, María Verónica",PRI,O15,0,0.2369158667725013,2.527533368811477e-08,0.9554552293892985,0.47182182003324546
P00072,"Muro González, Ana Bricia",PRI,O15,0,0.39926513771341143,4.878204980138865e-05,0.9554552293892985,0.47182182003324546
P00073,"Navarro Quintana, Marcela",PAN,O12,0,0.30818577858759383,7.470474510077479e-06,0.9116760469940945,0.46952399374306325
P00074,"Navarro Quintero, Miguel Angel",PRD,O18,0,0.7909528167569498,0.06654761323297469,0.9055823838133175,0.4952405477903537
P00075,"Nordhausen González, Jorge Rubén",PAN,O12,0,0.32689592139474755,1.6153084820596655e-05,0.9116760469940945,0.46952399374306325
P00076,"Ojeda Zubieta, César Raúl",PRD,O18,0,0.3045797733728751,7.470474510077479e-06,0.9055823838133175,0.4952405477903537
P00077,"Osuna Jaime, Héctor Guillermo",PAN,O12,0,0.3808053063407395,2.4136727623792382e-05,0.9116760469940945,0.46952399374306325
P00078,"Borrego Estrada, Genaro",PRI,O15,0,0.4157833794113086,5.5924759394301526e-05,0.9554552293892985,0.47182182003324546
P00079,"Gallegos Soto, Benjamín",PAN,O12,0,0.3938633638056951,3.593137666680048e-05,0.9116760469940945,0.46952399374306325
P00080,"Grande Sánchez, José Pascual",PRI,O15,0,0.359660348508486,1.7476951199920238e-05,0.9554552293892985,0.47182182003324546
P00081,"Gutiérrez Gutiérrez, Alejandro",PRI,O15,0,0.41924680365789,5.5924759394301526e-05,0.9554552293892985,0.47182182003324546
P00082,"Haghenbeck Cámara, José Antonio",PAN,O12,0,0.41952016781172835,5.343177888916155e-05,0.9116760469940945,0.46952399374306325
P00083,"Herbert Pérez, Guillermo",PAN,O12,0,0.40941077562897754,5.5924759394301526e-05,0.9116760469940945,0.46952399374306325
P00084,"Hernández Enríquez, Silvia",PRI,O15,0,0.4177684195898948,5.5924759394301526e-05,0.9554552293892985,0.47182182003324546
P00085,"Herrera Beltrán, Fidel",PRI,O15,0,0.32040825786833516,5.5924759394301526e-05,0.9554552293892985,0.47182182003324546
P00086,"Herrera Mendoza, Jose Guillermo",SG,O19,0,0.383031999137603,5.5924759394301526e-05,0.8444387962968763,0.46232936059866186
P00087,"Jackson Ramírez, Jesús Enrique",PRI,O15,0,0.39287827651761664,5.5924759394301526e-05,0.9554552293892985,0.47182182003324546
P00088,"Jáuregui Robles, César",PAN,O12,0,0.3705797673943324,5.5924759394301526e-05,0.9116760469940945,0.46952399374306325
P00089,"Jiménez González, David",PRI,O15,0,0.3866570520013593,5.5924759394301526e-05,0.9554552293892985,0.47182182003324546
P00090,"Joaquín Coldwell, Addy Cecilia",PAN,O12,0,0.35188255009295216,2.9508688093466065e-05,0.9116760469940945,0.46952399374306325
P00091,"Jones Jones, Jeffrey Max",PAN,O12,0,0.34222608565778684,2.852434691598729e-05,0.9116760469940945,0.46952399374306325
P00092,"Larios Córdova, Héctor",PAN,O12,1,0.79633471424053,0.02141091806456953,0.9116760469940945,0.46952399374306325
P00093,"Larregui Nagel, Erika",PVEM,O13,0,0.38466942145380206,5.4114355694959486e-05,0.9640929988437204,0.49054998393886995
P00094,"Lavara Mejía, Gloria",PVEM,O13,0,0.3776748651402277,5.121382934650535e-05,0.9640929988437204,0.49054998393886995
P00095,"López Nelio Santiago, Daniel",PRD,O18,0,0.38677323762490784,5.4142334383237195e-05,0.9055823838133175,0.4952405477903537
P00096,"López Sollano, Saúl",PRD,O18,0,0.778804986138655,0.06026262036517634,0.9055823838133175,0.4952405477903537
P00097,"Lozano Armengol, Jorge",PAN,O12,0,0.29018684690061913,2.3806556466295517e-05,0.9116760469940945,0.46952399374306325
P00098,"Luebbert Gutiérrez, Oscar",PRI,O15,0,0.3775131978719909,5.5924759394301526e-05,0.9554552293892985,0.47182182003324546
P00099,"Madero Quiroga, Adalberto Arturo",PAN,O12,0,0.31647246308013927,3.868508464008331e-05,0.9116760469940945,0.46952399374306325
P00100,"Madrazo Limón, Carlos",PAN,O12,0,0.3730731011341773,5.4222048315505375e-05,0.9116760469940945,0.46952399374306325
P00101,"Madrid Tovilla, Arely",PRI,O15,0,0.36848054339483455,2.998748020582879e-05,0.9554552293892985,0.47182182003324546
P00102,"Margáin Berlanga, Fernando",PAN,O12,0,0.3638425926215071,5.5924759394301526e-05,0.9116760469940945,0.46952399374306325
P00103,"Margaiz Ramírez, Filomena",PAN,O12,0,0.3792751416993925,5.5924759394301526e-05,0.9116760469940945,0.46952399374306325
P00104,"Medina Plascencia, Carlos",PAN,O12,0,0.3470762905780419,5.5924759394301526e-05,0.9116760469940945,0.46952399374306325
P00105,"Mendez de la Luz, Armando",SG,O19,0,0.3886155991173544,5.5924759394301526e-05,0.8444387962968763,0.46232936059866186
P00106,"Méndez Lanz, Víctor Manuel",PRI,O15,0,0.197658212798505,5.182031457612047e-05,0.9554552293892985,0.47182182003324546
P00107,"Méndez Márquez, Victoria Eugenia",PRI,O15,0,0.3760000168157685,5.3895510509157346e-05,0.9554552293892985,0.47182182003324546
P00108,"Méndez Meneses, Apolonio",PAN,O12,0,0.3730168050081935,5.5924759394301526e-05,0.9116760469940945,0.46952399374306325
P00109,"Aguilar González, Micaela",PAN,O12,0,0.4160902859881977,5.5924759394301526e-05,0.9116760469940945,0.46952399374306325
P00110,"Alaniz Posada, Ricardo",PAN,O12,0,0.41266692593621757,5.5924759394301526e-05,0.9116760469940945,0.46952399374306325
P00111,"Bours Castelo, Eduardo",PRI,O15,0,0.37069177670876685,2.7885441020491487e-05,0.9554552293892985,0.47182182003324546
P00112,"Calderón Hinojosa, Luisa María",PAN,O12,0,0.7844513067262293,0.01815977901423897,0.9116760469940945,0.46952399374306325
P00113,"Castañeda Álvarez, Erasmo",PRD,O18,0,0.3949265878507416,4.1297833287887674e-05,0.9055823838133175,0.4952405477903537
P00114,"Cruz López, Oscar",PRD,O18,0,0.41287266980137133,5.5924759394301526e-05,0.9055823838133175,0.4952405477903537
P00115,"González Parás, José Natividad",PRI,O15,0,0.41457326757169777,5.5924759394301526e-05,0.9554552293892985,0.47182182003324546
P00116,"Madero García, Lydia",PAN,O12,0,0.36124227843910844,3.593137666680048e-05,0.9116760469940945,0.46952399374306325
P00117,"Melgoza Radillo, Rafael",PRD,O18,0,0.38728763328360144,5.5924759394301526e-05,0.9055823838133175,0.4952405477903537
P00118,"Oliva Ramírez, Juan Manuel",PAN,O12,0,0.35632410202400344,5.392390611801612e-05,0.9116760469940945,0.46952399374306325
P00119,"Ortega Martínez, Jesús",PRD,O18,0,0.35351872638167253,4.7990512082470835e-05,0.9055823838133175,0.4952405477903537
P00120,"Martínez Mireles, Alberto Miguel",PAN,O12,0,0.3809681808264168,4.052189159919291e-05,0.9116760469940945,0.46952399374306325
P00121,"Burgos Ochoa, Leticia",PRD,O18,0,0.4166110581696794,5.423481666703055e-05,0.9055823838133175,0.4952405477903537
P00122,"Gerardo Higuera, Ricardo",PRD,O18,0,0.4193869160379804,5.5924759394301526e-05,0.9055823838133175,0.4952405477903537
P00123,"Gómez Flores, Omar Raymundo",PRI,O15,0,0.41756898122161706,5.5924759394301526e-05,0.9554552293892985,0.47182182003324546
P00124,"González Zarur, Mariano",PRI,O15,0,0.4218966375667726,5.5924759394301526e-05,0.9554552293892985,0.47182182003324546
P00125,"Michel Camarena, Héctor",PRI,O15,0,0.3950130984721627,3.868508464008331e-05,0.9554552293892985,0.47182182003324546
P00126,"Ovando Martínez, Eduardo",PRI,O15,0,0.4125143616643196,5.5924759394301526e-05,0.9554552293892985,0.47182182003324546
P00127,"Ling Altamirano, Héctor Federico",PAN,O12,0,0.33783251062988195,1.8209102836245936e-05,0.9116760469940945,0.46952399374306325
P00128,"Palacios Cordero, Blas Rafael",PRD,O18,0,0.3365082490229686,7.160466826212757e-06,0.9055823838133175,0.4952405477903537
P00129,"López Sánchez, Jorge Abel",PRI,O15,0,0.36415830327695614,4.016872647227093e-05,0.9554552293892985,0.47182182003324546
P00628,"Paredes Lara, Orlando Alberto",PRI,O15,0,0.41884125523513244,5.5924759394301526e-05,0.9554552293892985,0.47182182003324546
P00629,"Patrón Laviada, Patricio José",PAN,O12,0,0.4102395068793952,4.827528602115438e-05,0.9116760469940945,0.46952399374306325
P00630,"Pérez de Alva Blanco, Roberto",PRI,O15,0,0.3820870112590818,2.5134794576050318e-05,0.9554552293892985,0.47182182003324546
P00631,"Porras Bautista, Eleuterio",PAN,O12,0,0.40875896611803647,5.065493519137026e-05,0.9116760469940945,0.46952399374306325
P00632,"Ramírez García, María del Carmen",PRD,O18,0,0.332224345339141,9.87394837561174e-06,0.9055823838133175,0.4952405477903537
P00633,"Remes Ojeda, Antonio de Jesús",PAN,O12,0,0.40925816532357895,4.827528602115438e-05,0.9116760469940945,0.46952399374306325
P00636,"Reyes Velázquez, Alfredo Martín",PAN,O12,0,0.2625726028232433,4.816315698277945e-08,0.9116760469940945,0.46952399374306325
P00637,"Rico Samaniego, Luis Alberto",PAN,O12,0,0.34803961585958054,1.8345347771083325e-05,0.9116760469940945,0.46952399374306325
P00640,"Ríos Alvarez, Serafín",PRD,O18,0,0.3595257970140043,3.366898510723499e-05,0.9055823838133175,0.4952405477903537
P00648,"Rojas Gutiérrez, Carlos",PRI,O15,0,0.3043623842089387,5.13606871503781e-07,0.9554552293892985,0.47182182003324546
P00649,"Rodríguez Prats, Juan José",PAN,O12,0,0.26691670288568153,7.572723359537664e-07,0.9116760469940945,0.46952399374306325
P00650,"Romero Castillo, Cecilia",PAN,O12,0,0.30582881148349217,7.572723359537664e-07,0.9116760469940945,0.46952399374306325
P00651,"Roque Villanueva, Humberto",PRI,O15,0,0.3058710279414122,7.572723359537664e-07,0.9554552293892985,0.47182182003324546
P00653,"Rubio Barthell, Eric Luis",PRI,O15,0,0.29978715524870164,4.980849687409587e-07,0.9554552293892985,0.47182182003324546
P00654,"Ruiz Ortiz, Ulises Ernesto",PRI,O15,0,0.2955620905894013,8.568954591824275e-08,0.9554552293892985,0.47182182003324546
P00655,"Dip. Álvarez y Mazarrasa, Jaime Aguilar",PRI,O15,0,0.3048433999566285,1.3283196582773948e-07,0.9554552293892985,0.47182182003324546
P00656,"Andrade Quezada, Humberto",PAN,O12,0,0.38881539149192584,3.479264515561394e-05,0.9116760469940945,0.46952399374306325
P00657,"Dip. Anaya Mota, Claudia Edith",PRD,O18,0,0.30654960056416136,5.134923596017894e-07,0.9055823838133175,0.4952405477903537
P00658,"Anaya Llamas, José Guillermo",PAN,O12,0,0.2931896253559802,1.3283196582773948e-07,0.9116760469940945,0.46952399374306325
P00659,"Álvarez Mata, Sergio",PAN,O12,0,0.287059080796117,1.2701540665647302e-05,0.9116760469940945,0.46952399374306325
P00660,"Dip. Antuña Batista, Fidel",PAN,O12,0,0.28955093794838843,2.564431666166389e-08,0.9116760469940945,0.46952399374306325
P00661,"Dip. Aragón Castillo, Irene",PRD,O18,0,0.3776867690043772,2.614501913943033e-05,0.9055823838133175,0.4952405477903537
P00664,"Arce, René",PVEM,O13,0,0.3905975005703012,3.464519351440077e-05,0.9640929988437204,0.49054998393886995
P00670,"Dip. Castillo Juárez, Laura Itzel",PT,O14,0,0.2897624993356055,3.0808408290891577e-07,0.934364852785745,0.475415719551223
P00671,"Dip. Castillo Nájera, Ariel",MORENA,O11,0,0.2805813026986704,3.0808408290891577e-07,0.9842419234020032,0.4810956628057372
P00672,"Dip. Castro Cosío, Víctor Manuel",PRD,O18,0,0.2788198279979137,2.2352451301105798e-07,0.9055823838133175,0.4952405477903537
P00673,"Castro Trenti, Fernando Jorge",PRI,O15,0,0.3630617780312555,2.373130674718573e-05,0.9554552293892985,0.47182182003324546
P00674,"Dip. Cerda Pérez, Rogelio",PRI,O15,0,0.36606898129419624,2.373130674718573e-05,0.9554552293892985,0.47182182003324546
P00675,"Dip. Cervantes Andrade, Raúl",PRI,O15,0,0.37239628128293467,2.373130674718573e-05,0.9554552293892985,0.47182182003324546
P00676,"Dip. Chanona Burguete, Alejandro",MC,O16,0,0.37321377571591813,2.373130674718573e-05,0.9741820819765118,0.4767273646006096
P00677,"Dip. Cobo Terrazas, Diego",PVEM,O13,0,0.2842007214169068,3.0808408290891577e-07,0.9640929988437204,0.49054998393886995
P00678,"Dip. Collado Lara, Beatriz",PAN,O12,0,0.3620980352832006,1.8479239113516426e-05,0.9116760469940945,0.46952399374306325
P00679,"Contreras Castillo, Armando",PRD,O18,0,0.28647549509384496,2.8106171061183624e-08,0.9055823838133175,0.4952405477903537
P00680,"Contreras Sandoval, Eva",PAN,O12,0,0.3727714012406853,2.2979413490343986e-05,0.9116760469940945,0.46952399374306325
P00681,"Coppola Joffroy, Luis Alberto",PAN,O12,0,0.2660682293228756,0.0,0.9116760469940945,0.46952399374306325
P00684,"Félix Guerra, Heriberto",PAN,O12,0,0.32291333389121857,9.349494637357335e-06,0.9116760469940945,0.46952399374306325
P00685,"Dip. Flores Domínguez, Emilio Ramón Ramiro",PAN,O12,0,0.3529461481976445,9.832041235122554e-06,0.9116760469940945,0.46952399374306325
P00687,"Galván Rivas, Andrés",PAN,O12,0,0.3168000555176292,7.990073282721149e-06,0.9116760469940945,0.46952399374306325
P00688,"Dip. Gálvez Rodríguez, Fernel Arturo",PRD,O18,0,0.30829119672378047,3.4652561777983973e-07,0.9055823838133175,0.4952405477903537
P00689,"Dip. Gamboa Patrón, Emilio",PRI,O15,0,0.2981605914541161,3.4652561777983973e-07,0.9554552293892985,0.47182182003324546
P00690,"García Cervantes, Ricardo Francisco",PAN,O12,0,0.29876123529378673,3.4652561777983973e-07,0.9116760469940945,0.46952399374306325
P00691,"García Lizardi, Francisco Alcibíades",MC,O16,0,0.3455331341559808,8.417046499475239e-06,0.9741820819765118,0.4767273646006096
P00692,"García Quiroz, María del Socorro",PRI,O15,0,0.2417360036831028,2.509479559034252e-08,0.9554552293892985,0.47182182003324546
P00693,"Dip. García Portillo, Arturo",PAN,O12,0,0.30783840218225755,6.340914080662625e-06,0.9116760469940945,0.46952399374306325
P00694,"García Sánchez, María Cruz",MC,O16,0,0.3465074598763083,7.425338259989047e-06,0.9741820819765118,0.4767273646006096
P00697,"Gular Solórzano, Alberto",PRI,O15,0,0.31037293521384046,4.3061838403838154e-07,0.9554552293892985,0.47182182003324546
P00698,"Gutiérrez Zurita, Dolores del Carmen",PRD,O18,0,0.2842398130158544,0.0,0.9055823838133175,0.4952405477903537
P00702,"Güitrón Fuentevilla, Julián",MC,O16,0,0.3232159549215636,1.4122139158572467e-06,0.9741820819765118,0.4767273646006096
P00703,"Guzmán Soto, Valentín",PRD,O18,0,0.3205894017027577,3.890058700198408e-06,0.9055823838133175,0.4952405477903537
P00706,"Hernández García, Ramiro",PRI,O15,0,0.3245539088710498,2.5367484628965505e-06,0.9554552293892985,0.47182182003324546
P00707,"Hernández González, Maurilio",PRD,O18,0,0.3115176662378853,2.761534971396598e-06,0.9055823838133175,0.4952405477903537
P00710,"Dip. Hernández Nuñez, Elia",PAN,O12,0,0.29654909846359756,3.0675159185027276e-07,0.9116760469940945,0.46952399374306325
P00711,"Dip. Hernández Olmos, Paula Angélica",PRI,O15,0,0.30475243586126166,1.2663587943362817e-06,0.9554552293892985,0.47182182003324546
P00712,"Dip. Hernández Pérez, David",PRI,O15,0,0.2939527023292451,1.2663587943362817e-06,0.9554552293892985,0.47182182003324546
P00713,"Hernández Ramos, Minerva",PAN,O12,2,0.6856591480801714,0.03533579138161553,0.9116760469940945,0.46952399374306325
P00714,"Herrera León, Francisco",PRI,O15,0,0.2858163449044455,3.2975879895805757e-07,0.9554552293892985,0.47182182003324546
P00728,"Herviz Reyes, Arturo",PRD,O18,0,0.2718615097519903,5.360363203022941e-08,0.9055823838133175,0.4952405477903537
P00730,"Aispuro Torres, José Rosas",PAN,O12,1,0.3321158444713359,7.666104533247747e-06,0.9116760469940945,0.46952399374306325
P00731,"Albores Gleason, Roberto Armando",PRI,O15,1,0.40698759973944965,4.157260654284699e-05,0.9554552293892985,0.47182182003324546
P00732,"Alcalá Ruiz, Blanca María del Socorro",PRI,O15,1,0.3870912044752875,2.8112943481551296e-05,0.9554552293892985,0.47182182003324546
P00733,"Álvarez García, Ivonne Liliana",PRI,O15,1,0.4186711542919573,6.088412472404306e-05,0.9554552293892985,0.47182182003324546
P00734,"Amador Gaxiola, Daniel",PRI,O15,1,0.43625228452172415,7.315227881925525e-05,0.9554552293892985,0.47182182003324546
P00735,"Araujo Lara, Angélica del Rosario",PRI,O15,1,0.43837528816869636,7.315227881925525e-05,0.9554552293892985,0.47182182003324546
P00736,"Arriola Gordillo, Mónica Tzasna",SG,O19,1,0.290823147739166,7.004875057371893e-06,0.8444387962968763,0.46232936059866186
P00737,"Ávila Ruiz, Daniel Gabriel",PAN,O12,1,0.423339430096105,7.315227881925525e-05,0.9116760469940945,0.46952399374306325
P00738,"Barbosa Huerta, Miguel",PRD,O18,1,0.3944964007112064,4.940246259833155e-05,0.9055823838133175,0.4952405477903537
P00739,"Barrera Tapia, María Elena",PVEM,O13,1,0.4071436949266536,4.157260654284699e-05,0.9640929988437204,0.49054998393886995
P00740,"Barroso Agramont, Ricardo",PRI,O15,1,0.4171922582244812,6.088412472404306e-05,0.9554552293892985,0.47182182003324546
P00741,"Beristain Navarrete, Luz María",PRD,O18,1,0.4042143701433904,7.315227881925525e-05,0.9055823838133175,0.4952405477903537
P00742,"Burgos García, Enrique",PRI,O15,1,0.4404481451055346,0.0001984287304389996,0.9554552293892985,0.47182182003324546
P00743,"Búrquez Valenzuela, Francisco de Paula",PAN,O12,1,0.3874008530293243,6.695442853648208e-05,0.9116760469940945,0.46952399374306325
P00744,"Camacho Solís, Víctor Manuel",PRD,O18,1,0.23849832200375853,2.178991620822724e-07,0.9055823838133175,0.4952405477903537
P00745,"Casillas Romero, Jesús",PRI,O15,1,0.44090163550617917,0.0001984287304389996,0.9554552293892985,0.47182182003324546
P00746,"Cavazos Lerma, Manuel",PRI,O15,1,0.43207341407001026,7.315227881925525e-05,0.9554552293892985,0.47182182003324546
P00747,"Cervantes Andrade, Raúl",PRI,O15,1,0.35998675464622903,1.9994917941181785e-05,0.9554552293892985,0.47182182003324546
P00748,"Chico Herrera, Miguel Ángel",PRI,O15,1,0.4293120561604783,7.315227881925525e-05,0.9554552293892985,0.47182182003324546
P00749,"Cordero Arroyo, Ernesto Javier",PAN,O12,1,0.42333463335073895,7.094925208701767e-05,0.9116760469940945,0.46952399374306325
P00750,"Cota Jiménez, Manuel Humberto",PRI,O15,1,0.42425245698460995,6.695442853648208e-05,0.9554552293892985,0.47182182003324546
P00751,"Cuéllar Cisneros, Lorena",PRD,O18,1,0.3666144013527096,4.7119858608002636e-05,0.9055823838133175,0.4952405477903537
P00752,"Cuevas Barron, Gabriela",PAN,O12,1,0.42874652419156817,0.0001984287304389996,0.9116760469940945,0.46952399374306325
P00753,"Dávila Fernández, Adriana",PAN,O12,1,0.3968811076625785,4.2594253596485756e-05,0.9116760469940945,0.46952399374306325
P00754,"De la Peña Gómez, Angélica",PRD,O18,1,0.40332735866835,0.0001984287304389996,0.9055823838133175,0.4952405477903537
P00755,"Delgado Carrillo, Mario",PRD,O18,1,0.3602980530198476,7.315227881925525e-05,0.9055823838133175,0.4952405477903537
P00756,"Demédicis Hidalgo, Fidel",PRD,O18,1,0.3904260479687045,6.991818332611457e-05,0.9055823838133175,0.4952405477903537
P00757,"Díaz Lizama, Rosa Adriana",PAN,O12,1,0.437871309282268,7.315227881925525e-05,0.9116760469940945,0.46952399374306325
P00758,"Díaz Salazar, María Cristina",PRI,O15,1,0.42403506901654103,5.535562191686956e-05,0.9554552293892985,0.47182182003324546
P00759,"Domínguez Servién, Francisco",PAN,O12,1,0.30144274424389933,2.7827187278171406e-06,0.9116760469940945,0.46952399374306325
P00760,"Encinas Rodríguez, Alejandro de Jesús",PRD,O18,1,0.3745855503864899,0.0001984287304389996,0.9055823838133175,0.4952405477903537
P00761,"Escudero Morales, Pablo",PVEM,O13,1,0.3984201613046305,3.644959873518379e-05,0.9640929988437204,0.49054998393886995
P00762,"Fayad Meneses, Omar",PRI,O15,1,0.338628990222764,8.425627908334417e-06,0.9554552293892985,0.47182182003324546
P00763,"Fernández Aguirre, Braulio Manuel",PRI,O15,1,0.3306620002858877,7.065054605608276e-06,0.9554552293892985,0.47182182003324546
P00764,"Flores Escalera, Hilda Esthela",PRI,O15,1,0.4347120911502681,7.315227881925525e-05,0.9554552293892985,0.47182182003324546
P00765,"Flores Ramírez, Juan Gerardo",PVEM,O13,1,0.4369049737885602,7.315227881925525e-05,0.9640929988437204,0.49054998393886995
P00766,"Flores Sánchez, Margarita",PRI,O15,1,0.4349315931152313,7.100582295623329e-05,0.9554552293892985,0.47182182003324546
P00767,"Gándara Camou, Ernesto",PRI,O15,1,0.4343150011539821,7.315227881925525e-05,0.9554552293892985,0.47182182003324546
P00768,"García Cabeza de Vaca, Francisco",PAN,O12,1,0.3271992705178076,7.666104533247747e-06,0.9116760469940945,0.46952399374306325
P00769,"García Gómez, Martha Elena",PAN,O12,1,0.44401878116384946,6.856670811971394e-05,0.9116760469940945,0.46952399374306325
P00770,"Garza Galván, Silvia Guadalupe",PAN,O12,1,0.414903720856753,6.363097423559106e-05,0.9116760469940945,0.46952399374306325
P00771,"Gastélum Bajo, Diva Hadamira",PRI,O15,1,0.4358863758705937,0.0001984287304389996,0.9554552293892985,0.47182182003324546
P00772,"Gil Zuarth, Roberto",PAN,O12,1,0.39914551220080624,0.00015478462068762973,0.9116760469940945,0.46952399374306325
P00773,"Gómez del Campo Gurza, Mariana",PAN,O12,1,0.4339777203037902,0.0001984287304389996,0.9116760469940945,0.46952399374306325
P00774,"Gómez González, Arely",PRI,O15,1,0.3125339125155774,3.187597190692885e-06,0.9554552293892985,0.47182182003324546
P00775,"González Canto, Félix Arturo",PRI,O15,1,0.43206233124267585,7.315227881925525e-05,0.9554552293892985,0.47182182003324546
P00776,"González Cuevas, Isaías",PRI,O15,1,0.4331354884919896,7.315227881925525e-05,0.9554552293892985,0.47182182003324546
P00777,"Gracia Guzmán, Raúl",PAN,O12,1,0.4127952897339101,7.315227881925525e-05,0.9116760469940945,0.46952399374306325
P00778,"Guerra Castillo, Marcela",PRI,O15,1,0.43259832381369195,7.315227881925525e-05,0.9554552293892985,0.47182182003324546
P00779,"Guevara Espinoza, Ana Gabriela",PT,O14,1,0.3491945532530928,7.315227881925525e-05,0.934364852785745,0.475415719551223
P00780,"Hermosillo y Celada, Víctor",PAN,O12,1,0.40434639918909393,7.315227881925525e-05,0.9116760469940945,0.46952399374306325
P00781,"Hernández Deras, Ismael",PRI,O15,1,0.430402412443361,6.363097423559106e-05,0.9554552293892985,0.47182182003324546
P00782,"Hernández Lecona, Lisbeth",PRI,O15,1,0.4373465443315442,7.315227881925525e-05,0.9554552293892985,0.47182182003324546
P00783,"Herrera Ale, Juana Leticia",PRI,O15,1,0.332940959718498,6.835360623524941e-06,0.9554552293892985,0.47182182003324546
P00784,"Herrera Anzaldo, Ana Lilia",PRI,O15,1,0.42572424478111065,6.522932139284286e-05,0.9554552293892985,0.47182182003324546
P00785,"Herrera Ávila, Fernando",PAN,O12,1,0.4314416750289924,7.315227881925525e-05,0.9116760469940945,0.46952399374306325
P00786,"Irízar López, Aarón",PRI,O15,1,0.4359726214324397,7.315227881925525e-05,0.9554552293892985,0.47182182003324546
P00787,"Juárez Cisneros, René",PRI,O15,1,0.3824593301984148,2.8021569821713897e-05,0.9554552293892985,0.47182182003324546
P00788,"Lavalle Maury, Jorge Luis",PAN,O12,1,0.42824893767767963,7.315227881925525e-05,0.9116760469940945,0.46952399374306325
P00789,"López Brito, Francisco Salvador",PAN,O12,1,0.43062742089920963,7.315227881925525e-05,0.9116760469940945,0.46952399374306325
P00790,"López Hernández, Adán Augusto",PRD,O18,3,0.60596752876457,0.030744829482572615,0.9055823838133175,0.4952405477903537
P00791,"Martínez García, Patricio",PRI,O15,1,0.42960669163513526,7.315227881925525e-05,0.9554552293892985,0.47182182003324546
P00792,"Martínez Martínez, José María",PAN,O12,1,0.41029580123577475,7.315227881925525e-05,0.9116760469940945,0.46952399374306325
P00793,"Mayans Canabal, Fernando Enrique",PRD,O18,1,0.3710695829285367,7.074577817558711e-05,0.9055823838133175,0.4952405477903537
P00794,"Mayans Canabal, Humberto Domingo",PRI,O15,1,0.42085489626392764,5.9242703765489834e-05,0.9554552293892985,0.47182182003324546
P00795,"Mendoza Davis, Carlos",PAN,O12,1,0.28336424181341047,4.3539528839529053e-07,0.9116760469940945,0.46952399374306325
P00796,"Mendoza Díaz, Sonia",PAN,O12,1,0.4073504448245978,4.396117913065633e-05,0.9116760469940945,0.46952399374306325
P00797,"Mendoza Mendoza, Iris Vianey",PRD,O18,1,0.3986510902444777,7.315227881925525e-05,0.9055823838133175,0.4952405477903537
P00798,"Monreal Ávila, David",PT,O14,1,0.33731887958248963,6.678494661933639e-05,0.934364852785745,0.475415719551223
P00799,"Morón Orozco, Raúl",PRD,O18,1,0.7115206969240693,0.03905600674959689,0.9055823838133175,0.4952405477903537
P00800,"Orihuela Bárcenas, José Ascención",PRI,O15,1,0.4191954668308952,5.916297341596731e-05,0.9554552293892985,0.47182182003324546
P00801,"Orozco Sandoval, Martín",PAN,O12,1,0.3214507951964613,7.666104533247747e-06,0.9116760469940945,0.46952399374306325
P00802,"Ortiz Domínguez, Maki Esther",PAN,O12,3,0.6418153002173241,0.022705987754131393,0.9116760469940945,0.46952399374306325
P00803,"Ortiz González, Graciela",PRI,O15,1,0.42862933328300284,7.082946422658161e-05,0.9554552293892985,0.47182182003324546
P00804,"Padierna Luna, María de los Dolores",PRD,O18,1,0.3752846447810936,7.315227881925525e-05,0.9055823838133175,0.4952405477903537
P00805,"Palafox Gutiérrez, Martha",PT,O14,1,0.37764713222708435,6.88472359467999e-05,0.934364852785745,0.475415719551223
P00806,"Pavlovich Arellano, Claudia Artemiza",PRI,O15,1,0.288747461534319,4.3539528839529053e-07,0.9554552293892985,0.47182182003324546
P00807,"Pedraza Chávez, Isidro",PRD,O18,1,0.38399833127623595,7.315227881925525e-05,0.9055823838133175,0.4952405477903537
P00808,"Pedroza Gaitán, César Octavio",PAN,O12,1,0.4300606941240626,7.315227881925525e-05,0.9116760469940945,0.46952399374306325
P00809,"Penchyna Grub, David",PRI,O15,1,0.3633918539037065,1.7430460267792864e-05,0.9554552293892985,0.47182182003324546
P00810,"Pérez Magaña, Eviel",PRI,O15,1,0.368948298988916,2.2583595184166113e-05,0.9554552293892985,0.47182182003324546
P00811,"Pineda Gochi, Ma. del Rocío",PRI,O15,1,0.4374538605673387,7.315227881925525e-05,0.9554552293892985,0.47182182003324546
P00812,"Pozos Lanz, Raúl Aarón",PRI,O15,1,0.437391266891623,7.315227881925525e-05,0.9554552293892985,0.47182182003324546
P00813,"Preciado Rodríguez, Jorge Luis",PAN,O12,1,0.4144476860092654,6.463629783023549e-05,0.9116760469940945,0.46952399374306325
P00814,"Puente Salas, Carlos Alberto",PVEM,O13,1,0.4368627540013278,0.0001265033395765422,0.9640929988437204,0.49054998393886995
P00815,"Ramírez Hernández, Sofío",PRI,O15,1,0.40516462114955587,0.0001265033395765422,0.9554552293892985,0.47182182003324546
P00816,"Ríos de la Mora, Itzel Sarahí",PRI,O15,1,0.4419502084678726,7.093622695935422e-05,0.9554552293892985,0.47182182003324546
P00817,"Ríos Piter, Armando",PRD,O18,1,0.3432152165850413,3.79516655581933e-05,0.9055823838133175,0.4952405477903537
P00818,"Robledo Aburto, Zoé",PRD,O18,1,0.37961043345086776,0.00017770544913647113,0.9055823838133175,0.4952405477903537
P00819,"Robles Montoya, Ángel Benjamín",PRD,O18,1,0.37636971877489944,5.015617438491953e-05,0.9055823838133175,0.4952405477903537
P00820,"Rojas Hernández, Laura Angélica",PAN,O12,1,0.41846632237484216,7.315227881925525e-05,0.9116760469940945,0.46952399374306325
P00821,"Romero Celis, Mely",PRI,O15,1,0.6218452295470531,0.02518798178061844,0.9554552293892985,0.47182182003324546
P00822,"Romero Deschamps, Carlos",PRI,O15,1,0.4345663760456885,7.315227881925525e-05,0.9554552293892985,0.47182182003324546
P00823,"Romero Hicks, Juan Carlos",PAN,O12,1,0.4115760438511918,0.0001984287304389996,0.9116760469940945,0.46952399374306325
P00824,"Romero Lainas, Adolfo",PRD,O18,1,0.4162221627080395,7.315227881925525e-05,0.9055823838133175,0.4952405477903537
P00825,"Romo Medina, Miguel",PRI,O15,1,0.4398654164191686,0.0001984287304389996,0.9554552293892985,0.47182182003324546
P00826,"Rosas González, Óscar Román",PRI,O15,1,0.42383870078279323,5.469659056398469e-05,0.9554552293892985,0.47182182003324546
P00827,"Ruffo Appel, Ernesto",PAN,O12,1,0.41840612245265996,7.074577817558711e-05,0.9116760469940945,0.46952399374306325
P00828,"Salazar Fernández, Luis Fernando",PAN,O12,1,0.6864948782836944,0.028557261006418703,0.9116760469940945,0.46952399374306325
P00829,"Salazar Solorio, Rabindranath",PRD,O18,1,0.33312152467035755,4.157260654284699e-05,0.9055823838133175,0.4952405477903537
P00830,"Saldaña Pérez, María Lucero",PRI,O15,1,0.4393737684363054,7.315227881925525e-05,0.9554552293892985,0.47182182003324546
P00831,"Salinas Sada, Ninfa",PVEM,O13,1,0.4270242013371602,6.885325118392521e-05,0.9640929988437204,0.49054998393886995
P00832,"Sánchez Jiménez, Luis",PRD,O18,1,0.3975999652847661,7.315227881925525e-05,0.9055823838133175,0.4952405477903537
P00833,"Sansores San Román, Layda",PT,O14,1,0.3217340417544445,6.674470522764047e-05,0.934364852785745,0.475415719551223
P00834,"Tello Cristerna, Alejandro",PRI,O15,1,0.33880857598723435,8.425627908334417e-06,0.9554552293892985,0.47182182003324546
P00835,"Torres Corzo, Teófilo",PRI,O15,1,0.4326254606858169,6.678494661933639e-05,0.9554552293892985,0.47182182003324546
P00836,"Torres Graciano, Fernando",PAN,O12,1,0.42270052296069216,7.315227881925525e-05,0.9116760469940945,0.46952399374306325
P00837,"Vega Casillas, Salvador",PAN,O12,1,0.42627518399795616,7.074577817558711e-05,0.9116760469940945,0.46952399374306325
P00838,"Yunes Landa, Héctor",PRI,O15,1,0.42210956259065285,6.505159982665441e-05,0.9554552293892985,0.47182182003324546
P00839,"Yunes Márquez, Fernando",PAN,O12,1,0.3845106379180205,8.035302604254626e-05,0.9116760469940945,0.46952399374306325
P00840,"Zamora Jiménez, Arturo",PRI,O15,1,0.4082005223579105,0.00014272969024606709,0.9554552293892985,0.47182182003324546
P00841,"Barrales Magdaleno, María Alejandra",PRD,O18,1,0.34595242543216503,2.8733045424538623e-05,0.9055823838133175,0.4952405477903537
P00842,"Lozano Alarcón, Javier",PAN,O12,1,0.4180864887852917,6.695442853648208e-05,0.9116760469940945,0.46952399374306325
P00843,"Merodio Reza, Lilia Guadalupe",PRI,O15,1,0.4332458350682314,7.082946422658161e-05,0.9554552293892985,0.47182182003324546
P00844,"Neyra Chávez, Armando",PRI,O15,1,0.43901176313820023,7.315227881925525e-05,0.9554552293892985,0.47182182003324546
P00845,"Yunes Zorrilla, José Francisco",PRI,O15,1,0.4061770317694749,4.157260654284699e-05,0.9554552293892985,0.47182182003324546
P00846,"Melgar Bravo, Luis Armando",PVEM,O13,1,0.7298945007929267,0.03547579934837719,0.9640929988437204,0.49054998393886995
P00847,"Torres Peimbert, María Marcela",PAN,O12,1,0.4142644242449851,7.315227881925525e-05,0.9116760469940945,0.46952399374306325
P00848,"Blásquez Salinas, Marco Antonio",PT,O14,1,0.35403816137066796,7.315227881925525e-05,0.934364852785745,0.475415719551223
P00849,"Sánchez García, Gerardo",PRI,O15,1,0.4027914969325373,8.972991103795773e-05,0.9554552293892985,0.47182182003324546
P00850,"Ortega Martínez, Ma. del Pilar",PAN,O12,1,0.40976805168782066,7.315227881925525e-05,0.9116760469940945,0.46952399374306325
P00851,"Martínez Espinoza, María Verónica",PAN,O12,1,0.3972620470484355,4.9487698065556486e-05,0.9116760469940945,0.46952399374306325
P00852,"Galindo Matías, Norma Alicia",PRI,O15,1,0.24504017456571164,0.0,0.9554552293892985,0.47182182003324546
P00890,"Hernández Núñez, Elia",PAN,O12,1,0.3018936407610238,0.0,0.9116760469940945,0.46952399374306325
P00896,"Oramas Vargas, Arquímedes",PRI,O15,1,0.32130649848670056,2.789451988396931e-06,0.9554552293892985,0.47182182003324546
P00898,"Urzúa Rivera, Ricardo",PAN,O12,1,0.4284040787160542,5.604928057768651e-05,0.9116760469940945,0.46952399374306325
P00915,"Acosta Islas, Anabel",PRI,O15,1,0.434669191198069,6.078540037146093e-05,0.9554552293892985,0.47182182003324546
P00916,"Aréchiga Ávila, Jorge",PVEM,O13,1,0.43424585742667904,6.078540037146093e-05,0.9640929988437204,0.49054998393886995
P00917,"Ceseña Burgoin, Ángel Salvador",PRI,O15,1,0.3049179457463431,3.394246396452653e-07,0.9554552293892985,0.47182182003324546
P00918,"Fernández Sánchez Navarro, Juan Alejandro",PAN,O12,1,0.4220719116510472,6.078540037146093e-05,0.9116760469940945,0.46952399374306325
P00919,"Montes Colunga, Vianey",PAN,O12,1,0.30585158921595357,4.759299571002758e-07,0.9116760469940945,0.46952399374306325
P00920,"Quiroga Tamez, Mayela María de Lourdes",PRI,O15,1,0.30764043469970886,4.759299571002758e-07,0.9554552293892985,0.47182182003324546
P00921,"Trujillo Íñiguez, Agustín",PAN,O12,1,0.32412115688376264,1.8445045920086586e-06,0.9116760469940945,0.46952399374306325
P00922,"Cobián Chávez, Irma Zulema",PAN,O12,1,0.2986783631246711,3.9314169148116313e-07,0.9116760469940945,0.46952399374306325
P00923,"Clavel Sánchez, Lizette",PAN,O12,1,0.28845837817429676,3.1576652636013583e-07,0.9116760469940945,0.46952399374306325
P00924,"Domínguez Arvizu, María Hilaria",PAN,O12,1,0.4226039148891896,0.00014959515910093827,0.9116760469940945,0.46952399374306325
P00925,"Rocha Acosta, Sonia",PAN,O12,1,0.6784392301886806,0.028545075590138087,0.9116760469940945,0.46952399374306325
P00926,"Borreguín González, Luciano",PAN,O12,1,0.2783227538653664,2.1686860386715757e-08,0.9116760469940945,0.46952399374306325
P00927,"Salinas Balam, Víctor",PRI,O15,1,0.38573088296272584,3.649619811878803e-05,0.9554552293892985,0.47182182003324546
P01430,"Fernández Fuentes, Luis Humberto",PAN,O12,1,0.38541051479550653,4.477824511872206e-05,0.9116760469940945,0.46952399374306325
P01431,"Tagle Martínez, Martha Angélica",SG,O19,1,0.36639424849920543,3.4903368209371584e-05,0.8444387962968763,0.46232936059866186
P01432,"Medina Ramírez, Tereso",PRI,O15,1,0.3934311244841687,2.7229464909134305e-05,0.9554552293892985,0.47182182003324546
P01433,"Merino Campos, Carlos Manuel",PT,O14,1,0.33049930354063073,3.429251167278108e-05,0.934364852785745,0.475415719551223
P01457,"Terrazas Porras, Adriana",PRI,O15,1,0.2811945596738722,5.364085677469485e-08,0.9554552293892985,0.47182182003324546
P01458,"Toledo Luis, Jorge",PRI,O15,1,0.40119538826976264,3.2133967840595826e-05,0.9554552293892985,0.47182182003324546
P01464,"Ayala Ríos, Erika",PRI,O15,1,0.3172040393241352,1.840979194290701e-06,0.9554552293892985,0.47182182003324546
P01465,"de la Torre Valdez, Yolanda",PRI,O15,1,0.39085339255082263,0.00012822188711276064,0.9554552293892985,0.47182182003324546
P01466,"García Guajardo, Sandra Luz",PAN,O12,1,0.3862833926266461,2.3324106047772305e-05,0.9116760469940945,0.46952399374306325
P01467,"Olvera Acevedo, José Marco Antonio",PRI,O15,1,0.3867350847708778,2.3324106047772305e-05,0.9554552293892985,0.47182182003324546
P01468,"Priego Calva, Jesús",PRI,O15,1,0.3878073535537021,2.3324106047772305e-05,0.9554552293892985,0.47182182003324546
P01469,"Santana García, José de Jesús",PAN,O12,1,0.3806334071489678,2.3324106047772305e-05,0.9116760469940945,0.46952399374306325
P01470,"García García, Andrea",PAN,O12,1,0.37953570261642794,2.1035209288589034e-05,0.9116760469940945,0.46952399374306325
P01471,"Flores Ávalos, Héctor David",PAN,O12,1,0.38107198439599316,0.00012127363573343698,0.9116760469940945,0.46952399374306325
P01472,"Martínez Elizondo, Sylvia Leticia",PAN,O12,1,0.37618793651020127,2.1035209288589034e-05,0.9116760469940945,0.46952399374306325
P01474,"Izaguirre Francos, María del Carmen",PRI,O15,1,0.3706245234479981,1.7304732685576123e-05,0.9554552293892985,0.47182182003324546
P01475,"González Rodríguez, María de los Ángeles Verónica",PRD,O18,1,0.2761520489263348,1.2701789157137993e-07,0.9055823838133175,0.4952405477903537
P01476,"Menchaca Medrano, Héctor Adrián",PT,O14,1,0.18842092892753698,2.625089303175753e-07,0.934364852785745,0.475415719551223
P01477,"Roldán Benítez, Alejandra",PT,O14,1,0.317359756459023,1.4416073178237826e-05,0.934364852785745,0.475415719551223
P01478,"Torres López, Amelia",PAN,O12,1,0.3047930627674656,1.2701789157137993e-07,0.9116760469940945,0.46952399374306325
P01480,"Dorantes Martínez, Carmen",PRI,O15,1,0.3853513976386178,0.0001199381045706945,0.9554552293892985,0.47182182003324546
P01481,"Hernández Ruiz, Félix Benjamín",PT,O14,1,0.3277945828630463,1.2538872541901167e-05,0.934364852785745,0.475415719551223
P01482,"Cárdenas Fonseca, Manuel",SG,O19,1,0.3393747784306586,1.8503706203361118e-05,0.8444387962968763,0.46232936059866186
P01483,"Ceballos Llerenas, Hilda",PRI,O15,1,0.3771766446997547,1.8503706203361118e-05,0.9554552293892985,0.47182182003324546
P01486,"Marín Moreno, María Lorena",PAN,O12,1,0.32852231186747943,1.2917769792010624e-06,0.9116760469940945,0.46952399374306325
P01495,"Albarrán Mendoza, Esteban",PRI,O15,1,0.363944095853793,1.3858420283142615e-05,0.9554552293892985,0.47182182003324546
P01497,"Herrera Guajardo, Laura Guadalupe",PAN,O12,1,0.34657781445963887,1.1819043527551971e-05,0.9116760469940945,0.46952399374306325
P01498,"Leal Islas, Patricia",PAN,O12,1,0.3128401651854152,1.7832920333445409e-07,0.9116760469940945,0.46952399374306325
P01499,"García Chávez, Raymundo",PRI,O15,1,0.3110117372688385,1.7832920333445409e-07,0.9554552293892985,0.47182182003324546
P01500,"Guzmán Avilés, María del Rosario",PAN,O12,1,0.355422552918746,1.2647472431446973e-05,0.9116760469940945,0.46952399374306325
P01503,"Dip. Benítez Tiburcio, Mariana",MORENA,O11,3,0.1434489681046455,0.0012685975287246934,0.9842419234020032,0.4810956628057372
P01507,"Dip. Döring Casar, Federico",PAN,O12,3,0.12937892062257073,0.0013970699151392041,0.9116760469940945,0.46952399374306325
P01524,"Barrón Vivanco, Michelle Arandine",PRI,O15,1,0.3063904409403533,4.463501191958155e-08,0.9554552293892985,0.47182182003324546
P01555,"Tapia Franco, José María",PRI,O15,1,0.3255935661142967,8.303217982500858e-06,0.9554552293892985,0.47182182003324546
P01556,"Cesáreo Guzmán, Celestino",PRD,O18,1,0.3124459097304707,2.846839063871522e-06,0.9055823838133175,0.4952405477903537
P01560,"Morales Romero, Mario Enrique",PT,O14,1,0.2175175866033558,0.0,0.934364852785745,0.475415719551223
P01562,"Galicia Ávila, Víctor Manuel Anastasio",PRI,O15,1,0.3171929087087738,3.8133583853382333e-06,0.9554552293892985,0.47182182003324546
P01563,"Rementería Coello, Ainara",PRI,O15,1,0.31401712312369845,3.8133583853382333e-06,0.9554552293892985,0.47182182003324546
P01564,"Zuarth Esquinca, Rubén Antonio",PRI,O15,1,0.3150878407643572,3.5203717051488105e-06,0.9554552293892985,0.47182182003324546
P01565,"Lucia Espejo, Miguel Enrique",PT,O14,1,0.28385741949621107,3.494347472684751e-06,0.934364852785745,0.475415719551223
P01566,"Berlanga Sánchez, Marlon",PT,O14,1,0.2741815900407289,3.254952126410479e-06,0.934364852785745,0.475415719551223
P01567,"Loaiza Garzón, Adriana",PAN,O12,1,0.3069181518069365,3.5479388065999038e-06,0.9116760469940945,0.46952399374306325
P01568,"Luque Inzunza, Martha Vianey",PVEM,O13,1,0.31480378511433554,3.5479388065999038e-06,0.9640929988437204,0.49054998393886995
P01570,"Flores Valdez, Anastacia Guadalupe",PRI,O15,1,0.29321632280456694,1.7647311282925356e-06,0.9554552293892985,0.47182182003324546
P01574,"Terán Velázquez, María Esther",PRI,O15,1,0.2873916940500554,5.87107543105221e-07,0.9554552293892985,0.47182182003324546
P01577,"Esquinca Cano, Froilán",PT,O14,1,0.24675755936176566,2.912501179290216e-07,0.934364852785745,0.475415719551223
P01579,"González Pérez, Elva Martha",PAN,O12,1,0.2693056376527526,1.1410204443800618e-07,0.9116760469940945,0.46952399374306325
P01580,"Ojesto Martínez Porcayo, María del Carmen",PT,O14,1,0.21158626328924937,5.530149398612519e-08,0.934364852785745,0.475415719551223
P01581,"Carrasco Zanini Castillo, Eduardo Ernesto",PT,O14,1,0.24970876704157813,2.602423246405891e-08,0.934364852785745,0.475415719551223
P01584,"Abreu Artiñano, Rocío Adriana",MORENA,O11,2,0.49869563400697303,0.0003641495955441369,0.9842419234020032,0.4810956628057372
P01585,"Ahued Bardahuil, Ricardo",MORENA,O11,2,0.38003376206279044,1.9677404963645908e-05,0.9842419234020032,0.4810956628057372
P01586,"Álvarez Lima, José Antonio Cruz",MORENA,O11,2,0.7074911509040039,0.007756950763078946,0.9842419234020032,0.4810956628057372
P01587,"Añorve Baños, Manuel",PRI,O15,2,0.7510178114227709,0.019380273529569062,0.9554552293892985,0.47182182003324546
P01588,"Arias Solís, Cristóbal",MORENA,O11,2,0.4652262235787736,0.00023941650445036928,0.9842419234020032,0.4810956628057372
P01589,"Armenta Mier, Alejandro",MORENA,O11,2,0.5174502477539935,0.001095550467584293,0.9842419234020032,0.4810956628057372
P01590,"Ávila Vázquez, Katya Elizabeth",PES,O25,2,0.5188042393072978,0.0006943106654420038,0.9978172535266688,0.49429100003476945
P01591,"Ávila Villegas, Eruviel",PRI,O15,2,0.4270860579938843,6.217224476934063e-05,0.9554552293892985,0.47182182003324546
P01592,"Balderas Espinoza, Claudia Esther",MORENA,O11,2,0.43832833566129054,6.497808098251272e-05,0.9842419234020032,0.4810956628057372
P01593,"Bañuelos, Geovanna",PT,O14,2,0.47026340935899485,0.00031584821258564367,0.934364852785745,0.475415719551223
P01594,"Batres Guadarrama, Martí",MORENA,O11,2,0.4722455803468859,0.0008540868507364536,0.9842419234020032,0.4810956628057372
P01595,"Beltrones Sánchez, Sylvana",PRI,O15,2,0.4162866283604562,6.497808098251272e-05,0.9554552293892985,0.47182182003324546
P01596,"Benavides Cobos, Gabriela",PVEM,O13,2,0.4253740266960215,6.497808098251272e-05,0.9640929988437204,0.49054998393886995
P01597,"Bolaños-Cacho Cué, Raúl",PVEM,O13,2,0.4701017450600334,0.0002918656007546696,0.9640929988437204,0.49054998393886995
P01598,"Bonilla Valdez, Jaime",MORENA,O11,2,0.41719605339931454,0.00016876236136832324,0.9842419234020032,0.4810956628057372
P01599,"Camino Farjat, Verónica Noemí",MORENA,O11,2,0.8339554536979914,0.016122861527275323,0.9842419234020032,0.4810956628057372
P01600,"Caraveo Camarena, Bertha Alicia",MORENA,O11,2,0.4862126698569935,0.0006437943031589487,0.9842419234020032,0.4810956628057372
P01601,"Cárdenas Mariscal, María Antonia",MORENA,O11,2,0.4385205308759123,8.198259956230107e-05,0.9842419234020032,0.4810956628057372
P01602,"Castañeda Hoeflich, Clemente",MC,O16,2,0.6091943388161031,0.007126150298473827,0.9741820819765118,0.4767273646006096
P01603,"Castro Castro, Imelda",MORENA,O11,2,0.8745842172377811,0.02104306938681627,0.9842419234020032,0.4810956628057372
P01604,"Covarrubias Cervantes, Ma. Guadalupe",MORENA,O11,2,0.44310503451621375,7.936740304638632e-05,0.9842419234020032,0.4810956628057372
P01605,"De la Sierra Arámburo, Nancy",PT,O14,2,0.47985378429011827,0.00041687636758322563,0.934364852785745,0.475415719551223
P01606,"De León Villard, Sasil",PES,O25,2,0.780111751667133,0.011908887248705766,0.9978172535266688,0.49429100003476945
P01607,"Delgadillo García, Verónica",MC,O16,2,0.41549513347976696,0.00017007951044163079,0.9741820819765118,0.4767273646006096
P01608,"Delgado, Dante",MC,O16,2,0.48041692820105775,0.0005617905523912422,0.9741820819765118,0.4767273646006096
P01609,"Dothé Mata, Primo",MORENA,O11,2,0.4261904437394521,5.768722554804146e-05,0.9842419234020032,0.4810956628057372
P01610,"Enríquez Herrera, José Ramón",MORENA,O11,2,0.43889386484776566,0.00013751177617777618,0.9842419234020032,0.4810956628057372
P01611,"Galaz Caletti, Eva Eugenia",MORENA,O11,2,0.43249874218848794,6.026317887761441e-05,0.9842419234020032,0.4810956628057372
P01612,"García Arrieta, Angélica",MORENA,O11,2,0.2999058718203571,1.6116525419541467e-06,0.9842419234020032,0.4810956628057372
P01613,"García Conejo, Antonio",PRD,O18,2,0.44102904667479,0.0002419830933475943,0.9055823838133175,0.4952405477903537
P01614,"García Sepúlveda, Samuel Alejandro",MC,O16,2,0.31085022130853307,7.8369627116582e-06,0.9741820819765118,0.4767273646006096
P01615,"García Yáñez, Ángel",PRI,O15,2,0.6356655244593998,0.007810800626540096,0.9554552293892985,0.47182182003324546
P01616,"Gómez Álvarez, Delfina",MORENA,O11,2,0.34160752085833235,8.097489046077801e-06,0.9842419234020032,0.4810956628057372
P01617,"González Yáñez, Alejandro",PT,O14,2,0.6907659819465304,0.006981669900924678,0.934364852785745,0.475415719551223
P01618,"Guadiana Tijerina, Santana Armando",MORENA,O11,2,0.3988233541140087,2.6622915657859617e-05,0.9842419234020032,0.4810956628057372
P01619,"Gutiérrez Castorena, Daniel",MORENA,O11,2,0.44679661563436635,8.198259956230107e-05,0.9842419234020032,0.4810956628057372
P01620,"Jara Cruz, Salomón",MORENA,O11,2,0.41222123144904116,9.685354846054692e-05,0.9842419234020032,0.4810956628057372
P01621,"Lagunes Soto Ruíz, Alejandra",PVEM,O13,2,0.4231503857228085,6.244653378523244e-05,0.9640929988437204,0.49054998393886995
P01622,"Luévano Cantú, María Soledad",MORENA,O11,2,0.4429853007894227,8.198259956230107e-05,0.9842419234020032,0.4810956628057372
P01623,"Mancera Espinosa, Miguel Ángel",PRD,O18,2,0.5239431371768443,0.0013837333795965545,0.9055823838133175,0.4952405477903537
P01624,"Martínez Cázares, Germán",SG,O19,2,0.4168689186351044,0.00028576850999573124,0.8444387962968763,0.46232936059866186
P01625,"Martínez García, Verónica",PRI,O15,2,0.41522707099480466,6.497808098251272e-05,0.9554552293892985,0.47182182003324546
P01626,"Martínez Hernández, Ifigenia",MORENA,O11,2,0.4429202515190845,6.497808098251272e-05,0.9842419234020032,0.4810956628057372
P01627,"Martínez Miranda, Higinio",MORENA,O11,2,0.7166227439655665,0.008200523854272147,0.9842419234020032,0.4810956628057372
P01628,"May Rodríguez, Javier",MORENA,O11,2,0.26546601765611494,2.386635766302171e-07,0.9842419234020032,0.4810956628057372
P01629,"Mayorga Delgado, Nuvia Magdalena",PRI,O15,2,0.41413932576175155,6.497808098251272e-05,0.9554552293892985,0.47182182003324546
P01630,"Menchaca Salazar, Julio Ramón",MORENA,O11,2,0.4026178772847832,3.26034097863783e-05,0.9842419234020032,0.4810956628057372
P01631,"Méndez Ortiz, Casimiro",MORENA,O11,2,0.44388943592069385,8.198259956230107e-05,0.9842419234020032,0.4810956628057372
P01632,"Meza, Lucy",MORENA,O11,2,0.4983564697068862,0.0004733769623914564,0.9842419234020032,0.4810956628057372
P01633,"Micher Camarena, Martha Lucía",MORENA,O11,2,0.7307616601059823,0.008679363263689668,0.9842419234020032,0.4810956628057372
P01634,"Monreal Ávila, Ricardo",MORENA,O11,2,0.49301516317631394,0.0003723742033316913,0.9842419234020032,0.4810956628057372
P01635,"Mora Arellano, Elvia Marcela",PES,O25,2,0.518300110989114,0.0009419808299487855,0.9978172535266688,0.49429100003476945
P01636,"Narro Céspedes, José",MORENA,O11,2,0.5040713556335019,0.0008726327075793381,0.9842419234020032,0.4810956628057372
P01637,"Noyola Cervantes, Ma. Leonor",PRD,O18,2,0.3430993494403434,1.32951746250005e-05,0.9055823838133175,0.4952405477903537
P01638,"Osorio Chong, Miguel Ángel",PRI,O15,2,0.43959163119138883,0.0003390782295628519,0.9554552293892985,0.47182182003324546
P01639,"Ostoa Ortega, Aníbal",MORENA,O11,2,0.6826149536325922,0.006996592246570946,0.9842419234020032,0.4810956628057372
P01640,"Padilla Peña, Joel",PT,O14,2,0.48928684348741197,0.0008707179957858031,0.934364852785745,0.475415719551223
P01641,"Paredes Rangel, Beatriz Elena",PRI,O15,2,0.524697517186782,0.0012921248485951605,0.9554552293892985,0.47182182003324546
P01642,"Pech Várguez, José Luis",MORENA,O11,2,0.42671080799206945,6.066976975891149e-05,0.9842419234020032,0.4810956628057372
P01643,"Pérez Cuellar, Cruz",MORENA,O11,2,0.4429969626724514,0.0003196458451033556,0.9842419234020032,0.4810956628057372
P01644,"Pinedo Alonso, Cora Cecilia",PT,O14,2,0.5002597921062122,0.00041526831798446807,0.934364852785745,0.475415719551223
P01645,"Ramírez Aguilar, Oscar Eduardo",MORENA,O11,2,0.5197327719794106,0.0009992622650504548,0.9842419234020032,0.4810956628057372
P01646,"Ramírez Marín, Jorge Carlos",PRI,O15,2,0.8007288424333192,0.015779547541637847,0.9554552293892985,0.47182182003324546
P01647,"Rivera Rivera, Ana Lilia",MORENA,O11,2,0.8269876700790463,0.017237214865617856,0.9842419234020032,0.4810956628057372
P01648,"Rocha Moya, Rubén",MORENA,O11,2,0.37960644904818136,9.32156522455757e-05,0.9842419234020032,0.4810956628057372
P01649,"Romo Molina, Eunice Renata",PES,O25,2,0.4511852182903298,0.0002342936482665727,0.9978172535266688,0.49429100003476945
P01650,"Rubio Márquez, Vanessa",PRI,O15,2,0.3070639304058742,6.245262271420487e-06,0.9554552293892985,0.47182182003324546
P01651,"Ruiz Massieu Salinas, Claudia",PRI,O15,2,0.4635269609796991,0.0009251987752810803,0.9554552293892985,0.47182182003324546
P01652,"Salazar Solorio, Radamés",MORENA,O11,2,0.3487710915924449,9.564005444937722e-06,0.9842419234020032,0.4810956628057372
P01653,"Salgado Macedonio, J. Félix",MORENA,O11,2,0.6832850810274906,0.007110371637106291,0.9842419234020032,0.4810956628057372
P01654,"Sánchez García, Cecilia Margarita",MORENA,O11,2,0.49985741471252276,0.0004464439768578591,0.9842419234020032,0.4810956628057372
P01655,"Téllez, Lilly",PAN,O12,2,0.6558463989450737,0.011097330719560889,0.9116760469940945,0.46952399374306325
P01656,"Trasviña Waldenrath, Jesús Lucía",MORENA,O11,2,0.7387393957956888,0.010271180018938767,0.9842419234020032,0.4810956628057372
P01657,"Valdez Martínez, Lilia Margarita",MORENA,O11,2,0.8249207378515985,0.01699342045446388,0.9842419234020032,0.4810956628057372
P01658,"Vasconcelos, Héctor",MORENA,O11,2,0.4249031400456723,5.2208721630741286e-05,0.9842419234020032,0.4810956628057372
P01659,"Velasco Coello, Manuel",PVEM,O13,2,0.6691939494159016,0.007100256154676772,0.9640929988437204,0.49054998393886995
P01660,"Villarreal Anaya, Américo",MORENA,O11,2,0.39407511447888144,2.9008869212533036e-05,0.9842419234020032,0.4810956628057372
P01661,"Villegas Canché, Freyda Marybel",MORENA,O11,2,0.5033736634119634,0.0006965361257147053,0.9842419234020032,0.4810956628057372
P01662,"Zamora Gastélum, Mario",PRI,O15,2,0.4231665019256836,0.0003394149212659245,0.9554552293892985,0.47182182003324546
P01663,"Zamora Guzmán, Rogelio Israel",PVEM,O13,2,0.5058900905749257,0.0008956600364729208,0.9640929988437204,0.49054998393886995
P01664,"Zepeda, Juan",MC,O16,2,0.4004377453515312,6.218516360143995e-05,0.9741820819765118,0.4767273646006096
P01665,"Álvarez Icaza Longoria, Emilio",SG,O19,2,0.3861508276484545,0.00019879749968294927,0.8444387962968763,0.46232936059866186
P01666,"Bermúdez Méndez, José Erandi",PAN,O12,2,0.4543654705555386,0.0004328167951452679,0.9116760469940945,0.46952399374306325
P01667,"Castro Cosío, Víctor Manuel",MORENA,O11,2,0.26433303168937594,0.0,0.9842419234020032,0.4810956628057372
P01668,"Cruz Blackledge, Gina Andrea",PAN,O12,2,0.4005587531805709,6.497808098251272e-05,0.9116760469940945,0.46952399374306325
P01669,"Fernández Balboa, Mónica",MORENA,O11,2,0.5535156590877085,0.0014117945952523236,0.9842419234020032,0.4810956628057372
P01670,"Fócil Pérez, Juan Manuel",PRD,O18,2,0.4262181195545234,0.0006113154170268969,0.9055823838133175,0.4952405477903537
P01671,"Fuentes Solís, Víctor Oswaldo",PAN,O12,2,0.43704823165195994,0.0003795115757438844,0.9116760469940945,0.46952399374306325
P01672,"Gálvez Ruiz, Xóchitl",PAN,O12,2,0.42428534081952946,0.000651962837761461,0.9116760469940945,0.46952399374306325
P01673,"Gama Basarte, Marco Antonio",PAN,O12,2,0.3914803475284502,4.08094722157724e-05,0.9116760469940945,0.46952399374306325
P01674,"García Cabeza de Vaca, Ismael",PAN,O12,2,0.40863818612282826,0.0002566341259273899,0.9116760469940945,0.46952399374306325
P01675,"Herrera Ruiz, Gilberto",MORENA,O11,2,0.4326983641380086,7.189762273911443e-05,0.9842419234020032,0.4810956628057372
P01676,"Kempis Martínez, Indira",MC,O16,2,0.40455669431988683,6.158512359970384e-05,0.9741820819765118,0.4767273646006096
P01677,"López Rabadán, Kenia",PAN,O12,2,0.49161026316647216,0.0013443003732637935,0.9116760469940945,0.46952399374306325
P01678,"Madero Muñoz, Gustavo Enrique",SG,O19,2,0.41371293369020434,0.00047932371941057097,0.8444387962968763,0.46232936059866186
P01679,"Márquez Alvarado, Martha Cecilia",PAN,O12,2,0.37384610331996243,6.983657451938332e-05,0.9116760469940945,0.46952399374306325
P01680,"Martín del Campo Martín del Campo, Juan Antonio",PAN,O12,2,0.6378549461910251,0.0068171547539044525,0.9116760469940945,0.46952399374306325
P01681,"Martínez Simón, Mayuli Latifa",PAN,O12,2,0.6561874114409704,0.009931784301542143,0.9116760469940945,0.46952399374306325
P01682,"Mercado, Patricia",MC,O16,2,0.478648440149185,0.0004516034096858531,0.9741820819765118,0.4767273646006096
P01683,"Navarro Acevedo, Nadia",PAN,O12,2,0.446392237656069,0.0003738051054307936,0.9116760469940945,0.46952399374306325
P01684,"Núñez Sánchez, Gloria Elizabeth",PAN,O12,2,0.4006613724466652,5.059746367594833e-05,0.9116760469940945,0.46952399374306325
P01685,"Paz Alonzo, Raúl",PAN,O12,2,0.4719334638119075,0.00043374458047399137,0.9116760469940945,0.46952399374306325
P01686,"Piña Gudiño, Blanca Estela",MORENA,O11,2,0.43930688028737624,8.198259956230107e-05,0.9842419234020032,0.4810956628057372
P01687,"Rementería del Puerto, Julen",PAN,O12,2,0.4627988237391874,0.0009259260427583433,0.9116760469940945,0.46952399374306325
P01688,"Reynoso Sánchez, Alejandra Noemí",PAN,O12,2,0.4530970178729565,0.0004209462860965338,0.9116760469940945,0.46952399374306325
P01689,"Rosales San Román, Indira de Jesús",PAN,O12,2,0.39531152566319017,5.6036306673873725e-05,0.9116760469940945,0.46952399374306325
P01690,"Saldaña Cisneros, María Guadalupe",PAN,O12,2,0.3922535444014929,4.672782781037866e-05,0.9116760469940945,0.46952399374306325
P01691,"Salgado García, Nestora",MORENA,O11,2,0.4422284335454768,7.936740304638632e-05,0.9842419234020032,0.4810956628057372
P01692,"Vázquez Alatorre, Antares Guadalupe",MORENA,O11,2,0.4742902529744655,0.00031584821258564367,0.9842419234020032,0.4810956628057372
P01693,"Vázquez Mota, Josefina",PAN,O12,2,0.425795842387716,0.0002225294491219679,0.9116760469940945,0.46952399374306325
P01694,"Zepeda Vidales, Damián",PAN,O12,2,0.4746133760271356,0.0010159737210057062,0.9116760469940945,0.46952399374306325
P01695,"Harp Iturribarría, Susana",MORENA,O11,2,0.7195792076566704,0.007859255459676773,0.9842419234020032,0.4810956628057372
P01696,"Hernández Mora, M. Citlalli",MORENA,O11,2,0.41611555592734406,0.00013161718479593804,0.9842419234020032,0.4810956628057372
P01697,"León Gastélum, Alejandra del Carmen",PT,O14,2,0.48693064874088826,0.0009182265966335194,0.934364852785745,0.475415719551223
P01698,"Valencia de la Mora, Gricelda",MORENA,O11,2,0.4436805150748073,7.908893156456279e-05,0.9842419234020032,0.4810956628057372
P01699,"Gómez Urrutia, Napoleón",MORENA,O11,2,0.4388697760883956,7.650886776247458e-05,0.9842419234020032,0.4810956628057372
P01700,"Nahle García, Norma Rocío",MORENA,O11,2,0.2656045999310715,0.0,0.9842419234020032,0.4810956628057372
P01701,"Kuri González, Mauricio",PAN,O12,2,0.30941760904086474,9.564005444937722e-06,0.9116760469940945,0.46952399374306325
P01702,"Moreno Valle Rosas, Rafael",PAN,O12,2,0.2761323049265027,1.4998641274139052e-06,0.9116760469940945,0.46952399374306325
P01703,"Murguía Gutiérrez, María Guadalupe",PAN,O12,2,0.6241076345724899,0.010178566964274601,0.9116760469940945,0.46952399374306325
P01704,"Aceves del Olmo, Carlos Humberto",PRI,O15,2,0.4098139624870503,4.063674447944155e-05,0.9554552293892985,0.47182182003324546
P01705,"Anaya Mota, Claudia Edith",PRI,O15,2,0.6135738104498573,0.007430518078960241,0.9554552293892985,0.47182182003324546
P01706,"Murat Hinojosa, Eduardo Enrique",PVEM,O13,2,0.309833337528592,3.144133208118739e-06,0.9640929988437204,0.49054998393886995
P01707,"García Hernández, Gabriel",MORENA,O11,2,0.42199523693373747,0.00032472426637108966,0.9842419234020032,0.4810956628057372
P01708,"Quiñonez Ruiz, Juan",MC,O16,2,0.3732294598614446,1.8440218016421197e-05,0.9741820819765118,0.4767273646006096
P01709,"Sánchez Cordero Dávila, Olga María del Carmen",MORENA,O11,2,0.4334273746645928,0.00017034651051784033,0.9842419234020032,0.4810956628057372
P01710,"Castañón, Noé",MC,O16,2,0.48615921431654546,0.0010506066891801727,0.9741820819765118,0.4767273646006096
P01712,"Bours Griffith, Arturo",MORENA,O11,2,0.42548799210938865,5.2208721630741286e-05,0.9842419234020032,0.4810956628057372
P01714,"Peña Villa, José Alejandro",MORENA,O11,2,0.4658994968955749,0.00032954535553960334,0.9842419234020032,0.4810956628057372
P01715,"Rodríguez Ramírez, Jesusa",MORENA,O11,2,0.3701104416164585,1.9178724007369612e-05,0.9842419234020032,0.4810956628057372
P01716,"Sánchez Hernández, Gloria",MORENA,O11,2,0.4383395241447858,7.49220494766371e-05,0.9842419234020032,0.4810956628057372
P01717,"Guerrero Sánchez, Martha",MORENA,O11,2,0.43709376941609895,7.357082249896992e-05,0.9842419234020032,0.4810956628057372
P01718,"Haces Barba, Pedro",MORENA,O11,2,0.35059227449177705,0.00012581135871604727,0.9842419234020032,0.4810956628057372
P01719,"Jiménez Yáñez, Juan José",MORENA,O11,2,0.3254133399422492,4.153856126318051e-06,0.9842419234020032,0.4810956628057372
P01720,"Peralta Suárez, Ovidio Salvador",MORENA,O11,2,0.4338788129662126,7.01800265020127e-05,0.9842419234020032,0.4810956628057372
P01721,"Velázquez Meza, Ricardo",MORENA,O11,2,0.45101700714520654,0.0002718287479269984,0.9842419234020032,0.4810956628057372
P01722,"Novelo Osuna, Gerardo",MORENA,O11,2,0.39481531874949866,2.9020902020719806e-05,0.9842419234020032,0.4810956628057372
P01724,"Rodríguez Domínguez, Martha María",PAN,O12,2,0.314262677937395,1.2128835522682455e-05,0.9116760469940945,0.46952399374306325
P01726,"Maceda Luna, Omar Obed",PRD,O18,2,0.3727147638354736,2.9672002536819482e-05,0.9055823838133175,0.4952405477903537
P01727,"González González, María Merced",MORENA,O11,2,0.4821449223905206,0.00033149150177799166,0.9842419234020032,0.4810956628057372
P01728,"Moya Clemente, Roberto Juan",PAN,O12,2,0.4098399029829185,4.9505401654919395e-05,0.9116760469940945,0.46952399374306325
P01729,"Encinas Meneses, Jesús",MORENA,O11,2,0.3353801243623583,1.6009171328591185e-05,0.9842419234020032,0.4810956628057372
P01730,"Molina Ramírez, Joel",MORENA,O11,2,0.3151841824707971,2.3869362240045482e-06,0.9842419234020032,0.4810956628057372
P01732,"Lucero Olivas, Miguel Ángel",PT,O14,2,0.4227301439854735,0.0003835619732886576,0.934364852785745,0.475415719551223
P01733,"Dip. Almazán Burgos, Karla Yuritzi",MORENA,O11,2,0.21867288105511914,0.00010615452405783033,0.9842419234020032,0.4810956628057372
P01734,"Dip. Bonifaz Moedano, Raúl Eduardo",MORENA,O11,2,0.19182088439452533,0.00019968904119208004,0.9842419234020032,0.4810956628057372
P01735,"Dip. Bravo Padilla, Itzcóatl Tonatiuh",MC,O16,2,0.15110363709824567,7.161565671327303e-06,0.9741820819765118,0.4767273646006096
P01736,"Dip. Clouthier Carrillo, Tatiana",MORENA,O11,2,0.126648249496782,3.483500784626672e-06,0.9842419234020032,0.4810956628057372
P01737,"Dip. Delgado Carrillo, Mario",MORENA,O11,2,0.164720602345288,3.980765139533209e-05,0.9842419234020032,0.4810956628057372
P01738,"Dip. Muñoz Ledo, Porfirio",MORENA,O11,2,0.11209137245074675,1.4470564763013828e-06,0.9842419234020032,0.4810956628057372
P01739,"Dip. Padierna Luna, Dolores",MORENA,O11,2,0.17790953522804143,4.485355873156015e-05,0.9842419234020032,0.4810956628057372
P01740,"Dip. Palacios Cordero, Lucio Ernesto",MORENA,O11,2,0.14690533175156711,7.161565671327303e-06,0.9842419234020032,0.4810956628057372
P01741,"Dip. Pérez Bernabé, Jaime Humberto",MORENA,O11,2,0.2014148244291978,0.00018298849294361331,0.9842419234020032,0.4810956628057372
P01742,"Dip. Pérez Munguía, Soraya",PRI,O15,2,0.14265911975014728,6.547035938011828e-06,0.9554552293892985,0.47182182003324546
P01743,"Dip. Reyes Montiel, Claudia",PRD,O18,2,0.12369961574081602,3.574615644412794e-06,0.9055823838133175,0.4952405477903537
P01744,"Dip. Rósete, María",PES,O25,2,0.1459313066563346,7.161565671327303e-06,0.9978172535266688,0.49429100003476945
P01745,"Dip. Sánchez Castro, Anita",MORENA,O11,2,0.18959117698005895,0.00013878874370341614,0.9842419234020032,0.4810956628057372
P01746,"Dip. Sandoval Flores, Reginaldo",PT,O14,2,0.3193454270212699,0.0026770406976568896,0.934364852785745,0.475415719551223
P01747,"Dip. Sauri Riancho, Dulce María",PRI,O15,2,0.20252802410070597,0.00025560295148710336,0.9554552293892985,0.47182182003324546
P01748,"Dip. Vidal Peniche, Jesús Carlos",PVEM,O13,2,0.13449601400042435,3.501678885316841e-06,0.9640929988437204,0.49054998393886995
P01749,"Dip. Lixa Abimerhi, Elías",PAN,O12,2,0.1384775729340394,3.765340542674132e-05,0.9116760469940945,0.46952399374306325
P01751,"Dip. Sobrado Rodríguez, Verónica María",PAN,O12,2,0.13334980609374622,4.178544245528431e-06,0.9116760469940945,0.46952399374306325
P01754,"Dip. Juárez Piña, Verónica Beatriz",PRD,O18,2,0.13901020600003877,4.740655003322544e-06,0.9055823838133175,0.4952405477903537
P01755,"Guillen Vicente, Mercedes del Carmen",SG,O19,2,0.24507401077560342,7.39588062475012e-08,0.8444387962968763,0.46232936059866186
P01756,"Dip. Alvarado Moreno, María Guillermina",MORENA,O11,2,0.20987831259670142,0.00019542720541778207,0.9842419234020032,0.4810956628057372
P01758,"Dip. Mata Lozano, Lizbeth",PAN,O12,2,0.16825357921281134,6.273040600226183e-05,0.9116760469940945,0.46952399374306325
P01759,"Dip. Huerta del Río, María de los Ángeles",MORENA,O11,2,0.18579990259770432,0.00019498346897111853,0.9842419234020032,0.4810956628057372
P01760,"Dip. Montalvo Luna, José Luis",PT,O14,2,0.12111634478949586,2.3150055991306256e-06,0.934364852785745,0.475415719551223
P01763,"Dip. Cayetano García, Rubén",MORENA,O11,2,0.16582623145756453,0.00016791788437431912,0.9842419234020032,0.4810956628057372
P01764,"Pérez Astorga, Ernesto",MORENA,O11,2,0.4348249644640953,0.00027089842494295083,0.9842419234020032,0.4810956628057372
P01765,"Dip. Exsome Zapata, Ricardo Francisco",MORENA,O11,2,0.12477330228774673,3.896107573778267e-06,0.9842419234020032,0.4810956628057372
P01769,"Moreno Bastida, Ricardo",MORENA,O11,2,0.3465837289801187,1.8049112296516422e-05,0.9842419234020032,0.4810956628057372
P01774,"Dip. Gutiérrez Luna, Sergio Carlos",MORENA,O11,2,0.22450629773845107,0.0010676439666213457,0.9842419234020032,0.4810956628057372
P01778,"Dip. Moreira Valdez, Rubén Ignacio",PRI,O15,3,0.12104747083572567,0.0005674331893862555,0.9554552293892985,0.47182182003324546
P01779,"Dip. Olvera Bautista, Simey",MORENA,O11,2,0.13358014979535665,0.00013375582915069298,0.9842419234020032,0.4810956628057372
P01786,"Dip. Salazar Báez, Josefina",PAN,O12,2,0.08895004710270879,1.1986651775214188e-05,0.9116760469940945,0.46952399374306325
P01787,"Dip. Fernández Noroña, Gerardo",PT,O14,2,0.19531372002367028,0.0002082862381340254,0.934364852785745,0.475415719551223
P01789,"Dip. Romo Cuéllar, Martha Estela",PAN,O12,2,0.11472526340063316,7.655629556760555e-05,0.9116760469940945,0.46952399374306325
P01790,"Habib Abimerhi, Jorge Alberto",PRI,O15,2,0.28086916953109387,7.080212288971078e-06,0.9554552293892985,0.47182182003324546
P01791,"Rueda Gómez, Concepción",MORENA,O11,2,0.2600273631407204,1.192757722614227e-07,0.9842419234020032,0.4810956628057372
P01793,"Sánchez Arredondo, Nancy Guadalupe",MORENA,O11,2,0.4690185103343532,0.0006618154992292048,0.9842419234020032,0.4810956628057372
P01794,"Galarza Villaseñor, José Alberto",MC,O16,2,0.30895384385080843,7.878866416480232e-06,0.9741820819765118,0.4767273646006096
P01807,"Sánchez Sugía, María Celeste",MORENA,O11,2,0.37805402408247857,2.1686114757252965e-05,0.9842419234020032,0.4810956628057372
P01808,"Salazar Sáenz, Francisco Javier",PAN,O12,2,0.33445405155032093,2.8926217358671332e-05,0.9116760469940945,0.46952399374306325
P01809,"Ortíz Salinas, Luis David",MC,O16,2,0.4088215712402554,0.0002556671412038166,0.9741820819765118,0.4767273646006096
P01814,"Olson San Vicente, Carlos Alfredo",SG,O19,2,0.21995212755502178,0.0,0.8444387962968763,0.46232936059866186
P01816,"Botello Montes, José Alfredo",PAN,O12,2,0.3809033203887868,0.00014074048680395157,0.9116760469940945,0.46952399374306325
P01817,"González Delgadillo, Jesús Horacio",PAN,O12,2,0.26902945712839593,1.97397238528183e-06,0.9116760469940945,0.46952399374306325
P01818,"Moo Cahuich, Arturo del Carmen",MORENA,O11,2,0.39120361993468417,3.240969508313187e-05,0.9842419234020032,0.4810956628057372
P01819,"Solórzano Fraga, José Alfonso Pascual",MORENA,O11,2,0.2966129796664928,1.97397238528183e-06,0.9842419234020032,0.4810956628057372
P01820,"Villarreal Zavala, Audelia Esthela",PAN,O12,2,0.2998063756362922,6.427792107006763e-06,0.9116760469940945,0.46952399374306325
P01825,"Pérez Flores, Checo",MORENA,O11,2,0.4090969662018713,4.529914537372612e-05,0.9842419234020032,0.4810956628057372
P01826,"Elenes Angulo, Raúl de Jesús",MORENA,O11,2,0.4079993851472121,4.4269810691991564e-05,0.9842419234020032,0.4810956628057372
P01827,"Galindo Quiñones, Heriberto Manuel",PRI,O15,2,0.27132566023096055,5.740054676116133e-07,0.9554552293892985,0.47182182003324546
P01828,"Herrera Rodríguez, Claudia",PES,O25,2,0.2957529193560093,2.182156138290654e-08,0.9978172535266688,0.49429100003476945
P01829,"Sandoval Urban, Evelia",MORENA,O11,2,0.28923879202339475,5.740054676116133e-07,0.9842419234020032,0.4810956628057372
P01830,"Trejo Pureco, Marco",PRD,O18,2,0.27822682889387884,5.740054676116133e-07,0.9055823838133175,0.4952405477903537
P01831,"Gaitán Díaz, María Graciela",PVEM,O13,2,0.43438161642965356,0.00028208606587436073,0.9640929988437204,0.49054998393886995
P01832,"López Hernández, Ruth Alejandra",MC,O16,2,0.35595342529604856,0.00013058445449463962,0.9741820819765118,0.4767273646006096
P01838,"López García, María Marena",MORENA,O11,2,0.2555471425796518,2.0075836472274014e-08,0.9842419234020032,0.4810956628057372
P01839,"Martínez Cárdenas, Laura Susana",PAN,O12,2,0.204023297806845,2.0075836472274014e-08,0.9116760469940945,0.46952399374306325
P01850,"Dip. Adame Castillo, Marco Antonio",PAN,O12,2,0.07469805958116453,6.303324883508309e-06,0.9116760469940945,0.46952399374306325
P01852,"Dip. Almeida Navarro, María Del Carmen",MORENA,O11,2,0.09577048881778757,2.9003119060042426e-06,0.9842419234020032,0.4810956628057372
P01854,"Dip. González Morales, Hildelisa",PT,O14,2,0.09232471858382103,4.458519518218048e-06,0.934364852785745,0.475415719551223
P01855,"Dip. Huerta Martínez, Manuel",PT,O14,2,0.07582910038821095,5.555245696542518e-06,0.934364852785745,0.475415719551223
P01857,"Dip. Medina Pérez, Marco Antonio",MORENA,O11,2,0.0993974743991719,4.458519518218048e-06,0.9842419234020032,0.4810956628057372
P01859,"Dip. Pérez Segura, Laura Imelda",MORENA,O11,2,0.09577048881778756,2.9003119060042426e-06,0.9842419234020032,0.4810956628057372
P01860,"Dip. Teissier Zavala, Adriana Paulina",PES,O25,2,0.10014432661241851,4.109749566445826e-06,0.9978172535266688,0.49429100003476945
P01861,"Dip. Viedma Velázquez, Alejandro",MORENA,O11,2,0.09577048881778756,2.9003119060042426e-06,0.9842419234020032,0.4810956628057372
P01863,"Dip. García Morlan, Dulce Alejandra",PAN,O12,2,0.0797279089907221,5.518991919241826e-06,0.9116760469940945,0.46952399374306325
P01864,"Dip. Gómez Ventura, Manuel",MORENA,O11,2,0.09544146910319366,3.674186553951564e-06,0.9842419234020032,0.4810956628057372
P01865,"Dip. Loya Hernández, Fabiola Raquel Guadalupe",MC,O16,2,0.08459308070024825,4.884591327493131e-06,0.9741820819765118,0.4767273646006096
P01866,"Dip. Rodríguez Mier Y Terán, Mariana",PRI,O15,2,0.07266873816077607,5.3970872278518245e-06,0.9554552293892985,0.47182182003324546
P01870,"Cervantes Rojas, Elí César Eduardo",MORENA,O11,2,0.3542859814179928,1.5605506575040254e-05,0.9842419234020032,0.4810956628057372
P01871,"Cravioto Romero, César Arnulfo",MORENA,O11,2,0.43102617823935807,0.0006443153882211852,0.9842419234020032,0.4810956628057372
P01885,"Espino de la Peña, Rafael",MORENA,O11,2,0.39122299685696343,0.00011987706172823368,0.9842419234020032,0.4810956628057372
P01886,"Rojas Loreto, Estrella",PAN,O12,2,0.3502704029172138,1.3731280058869893e-05,0.9116760469940945,0.46952399374306325
P02377,"Vázquez Saut, Judith Fabiola",PAN,O12,2,0.3404340035798172,4.8547796134836365e-06,0.9116760469940945,0.46952399374306325
P02381,"Gómez Hernández, Adolfo",MORENA,O11,2,0.3688597687872276,2.2741299466909652e-05,0.9842419234020032,0.4810956628057372
P02382,"Jiménez Arteaga, Rosa Elena",MORENA,O11,2,0.36755014414903797,2.2741299466909652e-05,0.9842419234020032,0.4810956628057372
P02383,"López Vargas, Faustino",MORENA,O11,2,0.3218472364376985,1.267433652439118e-06,0.9842419234020032,0.4810956628057372
P02384,"Rojas Mancera, Navor Alberto",MORENA,O11,2,0.3819445427165248,0.0001236860413678623,0.9842419234020032,0.4810956628057372
P02387,"López Gómez, Gabriela",MORENA,O11,2,0.3573598050788488,9.427269380033998e-05,0.9842419234020032,0.4810956628057372
P02388,"Márquez Valdivia, Rogelio",MORENA,O11,2,0.2980336228701936,1.7407929397207741e-07,0.9842419234020032,0.4810956628057372
P02389,"Jurado Valadez, Adriana Guadalupe",SG,O19,2,0.31351132084739375,6.061928646562185e-06,0.8444387962968763,0.46232936059866186
P02391,"Larios Esparza, Juan Francisco",PAN,O12,2,0.3092326359021102,5.761386245477703e-06,0.9116760469940945,0.46952399374306325
P02392,"Montero Cuellar, Mónica",MORENA,O11,2,0.2663123072672819,2.1957946141549707e-08,0.9842419234020032,0.4810956628057372
P02395,"Dip. Godoy Rangel, Leonel",MORENA,O11,2,0.1920811459280128,0.0007151997937729017,0.9842419234020032,0.4810956628057372
P02399,"Dip. Medina Filigrana, Marcos Rosendo",MORENA,O11,2,0.12536136157275354,1.4628891291445802e-05,0.9842419234020032,0.4810956628057372
P02400,"Dip. Polevnsky Gurwitz, Yeidckol",MORENA,O11,2,0.10515600790231207,3.004636364877778e-06,0.9842419234020032,0.4810956628057372
P02414,"Flores Hurtado, Reyes",MORENA,O11,2,0.35254599678290044,0.00011182685133368791,0.9842419234020032,0.4810956628057372
P02415,"Gómez Leal, José Ramón",MORENA,O11,3,0.5790540638938597,0.004868409994245484,0.9842419234020032,0.4810956628057372
P02419,"Viveros Chazaro, Tanya Carola",MORENA,O11,2,0.15204911589024134,0.0,0.9842419234020032,0.4810956628057372
P02422,"Dip. Bernal Bolnik, Sue Ellen",PRI,O15,2,0.10580792278437325,1.2239755587099393e-05,0.9554552293892985,0.47182182003324546
P02427,"Dip. Girón Hernández, Olimpia Tamara",MORENA,O11,2,0.0692801166652097,1.0628895435179084e-06,0.9842419234020032,0.4810956628057372
P02429,"Dip. Márquez Alkadef Cortés, Cecilia",MORENA,O11,2,0.0692801166652097,1.0628895435179084e-06,0.9842419234020032,0.4810956628057372
P02433,"Dip. Robles Gómez, Manuel Alejandro",MORENA,O11,2,0.0692801166652097,1.0628895435179084e-06,0.9842419234020032,0.4810956628057372
P02447,"Rojas Díaz Durán, Alejandro",MORENA,O11,2,0.28382796781032865,4.5340082786764304e-08,0.9842419234020032,0.4810956628057372
P02450,"Ballesteros Mancilla, Laura Iraís",MC,O16,2,0.29800203984083773,3.6661825640932113e-06,0.9741820819765118,0.4767273646006096
P02452,"Tamayo Herrera, Yadhira Yvette",PAN,O12,2,0.23713716764320703,0.0,0.9116760469940945,0.46952399374306325
P02453,"Aguilar Castillejos, José Antonio",MORENA,O11,2,0.29836327835788923,8.929644904873811e-07,0.9842419234020032,0.4810956628057372
P02454,"Díaz Carrasco, Christian Gregorio",PRD,O18,2,0.3034874428818908,9.149583490228234e-07,0.9055823838133175,0.4952405477903537
P02455,"Holguín Franco, Omar",MORENA,O11,2,0.3217569721636147,8.734631676815015e-05,0.9842419234020032,0.4810956628057372
P02459,"López Carreto, Indira Paola",MORENA,O11,2,0.30634924484909587,8.929644904873811e-07,0.9842419234020032,0.4810956628057372
P02460,"Hernández Fernández, Maura",MORENA,O11,2,0.28015257254070935,2.467722133783314e-07,0.9842419234020032,0.4810956628057372
P02461,"Peña Ocampo, Leticia",MORENA,O11,2,0.2691766012946564,9.114724817453726e-08,0.9842419234020032,0.4810956628057372
P02484,"Aguilar Castillo, Heriberto Marcelo",MORENA,O11,3,0.3220366869978035,1.071961444910663e-05,0.9842419234020032,0.4810956628057372
P02485,"Anaya Cortés, Ricardo",PAN,O12,3,0.29614493504112893,0.0005451609719172109,0.9116760469940945,0.46952399374306325
P02486,"Anaya Gutiérrez, Alberto",PT,O14,3,0.3037564061759846,7.880191396554624e-06,0.934364852785745,0.475415719551223
P02487,"Angulo Briceño, Pablo Guillermo",PRI,O15,3,0.23483766173830248,1.071961444910663e-05,0.9554552293892985,0.47182182003324546
P02488,"Arias Trevilla, Alejandra Berenice",MORENA,O11,3,0.3222885078531261,1.071961444910663e-05,0.9842419234020032,0.4810956628057372
P02489,"Ascencio Ortega, Reyna Celeste",MORENA,O11,3,0.3227536758853275,1.071961444910663e-05,0.9842419234020032,0.4810956628057372
P02490,"Ávalos Zempoalteca, Anabell",PRI,O15,3,0.25681719659761965,1.071961444910663e-05,0.9554552293892985,0.47182182003324546
P02491,"Ayala Robles, Armando",MORENA,O11,3,0.3182910978664589,1.071961444910663e-05,0.9842419234020032,0.4810956628057372
P02492,"Barrales Magdaleno, Alejandra",MC,O16,3,0.298206330937562,0.0006631249266846452,0.9741820819765118,0.4767273646006096
P02493,"Barreda Pavón, Francisco Daniel",MC,O16,3,0.3009011286522934,0.0006431954027684803,0.9741820819765118,0.4767273646006096
P02494,"Bugarín, Jasmine María",PVEM,O13,3,0.32129157286513277,6.262334423554415e-06,0.9640929988437204,0.49054998393886995
P02495,"Camarillo Medina, Néstor",PRI,O15,3,0.2706912507332156,0.00035466035940336896,0.9554552293892985,0.47182182003324546
P02496,"Campuzano González, Gina Gerardina",PAN,O12,3,0.2641552007900302,6.262334423554415e-06,0.9116760469940945,0.46952399374306325
P02497,"Castillo Juárez, Laura Itzel",MORENA,O11,3,0.3226571217247722,1.071961444910663e-05,0.9842419234020032,0.4810956628057372
P02498,"Cepeda Salas, Alfonso",MORENA,O11,3,0.31899302724968726,1.0197758228435959e-05,0.9842419234020032,0.4810956628057372
P02499,"Chávez Treviño, Andrea",MORENA,O11,3,0.3728542017964412,0.0007258560222040115,0.9842419234020032,0.4810956628057372
P02500,"Colosio Riojas, Luis Donaldo",MC,O16,3,0.2617914889533426,5.8069913016793545e-06,0.9741820819765118,0.4767273646006096
P02501,"Corona Nakamura, María del Rocío",PVEM,O13,3,0.3226246981813677,1.071961444910663e-05,0.9640929988437204,0.49054998393886995
P02502,"Cortés García, Luisa",MORENA,O11,3,0.32231094636219315,1.071961444910663e-05,0.9842419234020032,0.4810956628057372
P02503,"Cortés Mendoza, Marko",PAN,O12,3,0.2569229925485905,1.071961444910663e-05,0.9116760469940945,0.46952399374306325
P02504,"Cruz Castellanos, José Manuel",MORENA,O11,3,0.3204779655048532,1.071961444910663e-05,0.9842419234020032,0.4810956628057372
P02505,"Davis Castro, Homero",MORENA,O11,3,0.3638091954571618,0.0006010631188418537,0.9842419234020032,0.4810956628057372
P02506,"Díaz Delgado, Blanca Judith",MORENA,O11,3,0.3667587975240306,0.0007321126621432059,0.9842419234020032,0.4810956628057372
P02507,"Díaz Marmolejo, María de Jesús",PAN,O12,3,0.2738315399684912,1.071961444910663e-05,0.9116760469940945,0.46952399374306325
P02508,"Díaz Robles, Verónica",MORENA,O11,3,0.3203159670922984,1.071961444910663e-05,0.9842419234020032,0.4810956628057372
P02509,"Dorantes Lámbarri, Agustín",PAN,O12,3,0.2633263591829791,1.071961444910663e-05,0.9116760469940945,0.46952399374306325
P02510,"Esquer Verdugo, Alejandro",MORENA,O11,3,0.3201775949301275,1.071961444910663e-05,0.9842419234020032,0.4810956628057372
P02511,"Esquivel Torres, Laura",PAN,O12,3,0.25646991668369484,1.071961444910663e-05,0.9116760469940945,0.46952399374306325
P02512,"Estrada Mauro, Laura",MORENA,O11,3,0.3176444925517747,1.071961444910663e-05,0.9842419234020032,0.4810956628057372
P02513,"Fernández González, Waldo",PVEM,O13,3,0.3649489242082851,0.0007360384690743211,0.9640929988437204,0.49054998393886995
P02514,"Fernández Noroña, Gerardo",MORENA,O11,3,0.3713661381735457,0.0007258560222040115,0.9842419234020032,0.4810956628057372
P02515,"García Harfuch, Omar",MORENA,O11,3,0.2637485524693143,2.62184431540892e-08,0.9842419234020032,0.4810956628057372
P02516,"García Medina, Amalia Dolores",MC,O16,3,0.2543322070695076,1.071961444910663e-05,0.9741820819765118,0.4767273646006096
P02517,"Godoy Ramos, Ernestina",MORENA,O11,3,0.2637485524693143,2.62184431540892e-08,0.9842419234020032,0.4810956628057372
P02518,"González Hernández, Alma Anahí",MORENA,O11,3,0.31932208126102923,9.442144810855427e-06,0.9842419234020032,0.4810956628057372
P02519,"González Márquez, Michel",PAN,O12,3,0.2584583871054777,1.071961444910663e-05,0.9116760469940945,0.46952399374306325
P02520,"González Silva, Ruth",PVEM,O13,3,0.31999880140886283,9.840479401008387e-06,0.9640929988437204,0.49054998393886995
P02521,"Guadiana Mandujano, Cecilia Guadalupe",MORENA,O11,3,0.3176072599294102,1.071961444910663e-05,0.9842419234020032,0.4810956628057372
P02522,"Guerra Mena, Juanita",PVEM,O13,3,0.32154558116648435,1.071961444910663e-05,0.9640929988437204,0.49054998393886995
P02523,"Gutiérrez Escalante, Mariela",MORENA,O11,3,0.32192804524857227,1.071961444910663e-05,0.9842419234020032,0.4810956628057372
P02524,"Hernández Aceves, Ana Karen",PT,O14,3,0.29899495381334384,5.193783178809909e-06,0.934364852785745,0.475415719551223
P02525,"Hernández Mora, Citlalli",MORENA,O11,3,0.2637485524693143,2.62184431540892e-08,0.9842419234020032,0.4810956628057372
P02526,"Hernández Villafuerte, Gilberto",PVEM,O13,3,0.320395729292473,1.071961444910663e-05,0.9640929988437204,0.49054998393886995
P02527,"Herrera Dagdug, José Sabino",MORENA,O11,3,0.3205431487512517,1.071961444910663e-05,0.9842419234020032,0.4810956628057372
P02528,"Huerta Ladrón de Guevara, Manuel",MORENA,O11,3,0.3211248326504823,1.071961444910663e-05,0.9842419234020032,0.4810956628057372
P02529,"Inzunza Cázarez, Enrique",MORENA,O11,3,0.3738097319619973,0.0007514480830264333,0.9842419234020032,0.4810956628057372
P02530,"Jarero Velázquez, Miguel Pavel",MORENA,O11,3,0.31749280588650935,9.442144810855427e-06,0.9842419234020032,0.4810956628057372
P02531,"Kantún Can, María Martina",MORENA,O11,3,0.32268380319194817,1.071961444910663e-05,0.9842419234020032,0.4810956628057372
P02532,"Loera de la Rosa, Juan Carlos",MORENA,O11,3,0.32168056523891575,1.071961444910663e-05,0.9842419234020032,0.4810956628057372
P02533,"Lomelí Bolaños, Carlos",MORENA,O11,3,0.3212189443183934,1.071961444910663e-05,0.9842419234020032,0.4810956628057372
P02534,"López Castro, Cynthia Iliana",MORENA,O11,3,0.3075386349375053,9.442144810855427e-06,0.9842419234020032,0.4810956628057372
P02535,"López Hernández, Edith",MORENA,O11,3,0.3216314185175937,1.071961444910663e-05,0.9842419234020032,0.4810956628057372
P02536,"Magaña Fonseca, Virginia",PVEM,O13,3,0.32138797940148855,1.071961444910663e-05,0.9640929988437204,0.49054998393886995
P02537,"Márquez Márquez, Miguel",PAN,O12,3,0.2926821673977533,0.0004942491432469573,0.9116760469940945,0.46952399374306325
P02538,"Mendoza Amezcua, Virgilio",PVEM,O13,3,0.3208750947968024,6.262334423554415e-06,0.9640929988437204,0.49054998393886995
P02539,"Mercado Salgado, Víctor",MORENA,O11,3,0.3204283189760548,7.120652850059589e-06,0.9842419234020032,0.4810956628057372
P02540,"Mier Velazco, Ignacio",MORENA,O11,3,0.3682103223231718,0.0006646961717355574,0.9842419234020032,0.4810956628057372
P02541,"Mojica Morga, Beatriz",MORENA,O11,3,0.3178946795177892,9.442144810855427e-06,0.9842419234020032,0.4810956628057372
P02542,"Morales Toledo, Antonino",MORENA,O11,3,0.3118676175183566,1.071961444910663e-05,0.9842419234020032,0.4810956628057372
P02543,"Moreno Cárdenas, Alejandro",PRI,O15,3,0.27103668280880416,0.0004504798643017167,0.9554552293892985,0.47182182003324546
P02544,"Ochoa Fernández, Cuauhtémoc",MORENA,O11,3,0.35156369488793604,0.00042593836971981694,0.9842419234020032,0.4810956628057372
P02545,"Olvera Bautista, Simey",MORENA,O11,3,0.3647086722965479,0.0006390812818575165,0.9842419234020032,0.4810956628057372
P02546,"Polevnsky Gurwitz, Yeidckol",PT,O14,3,0.36350781383201913,0.000747401027179347,0.934364852785745,0.475415719551223
P02547,"Ramírez Acuña, Francisco Javier",PAN,O12,3,0.28917899502572225,0.0006315588000797234,0.9116760469940945,0.46952399374306325
P02548,"Ramírez Padilla, Julieta",MORENA,O11,3,0.31264116989356117,9.09618044569394e-06,0.9842419234020032,0.4810956628057372
P02549,"Reyes Hernández, Ivideliza",PAN,O12,3,0.2693245427675524,8.702206376285531e-06,0.9116760469940945,0.46952399374306325
P02550,"Robles Gutiérrez, Beatriz Silvia",MORENA,O11,3,0.32216977685505227,1.071961444910663e-05,0.9842419234020032,0.4810956628057372
P02551,"Rodríguez Hernández, Verónica",PAN,O12,3,0.2530037618021058,3.809659247315533e-06,0.9116760469940945,0.46952399374306325
P02552,"Ruiz Ruiz, Karina Isabel",MORENA,O11,3,0.32016358844112486,1.071961444910663e-05,0.9842419234020032,0.4810956628057372
P02553,"Ruíz Sandoval, Cristina",PRI,O15,3,0.25529931124699545,1.071961444910663e-05,0.9554552293892985,0.47182182003324546
P02554,"Ruvalcaba Gámez, Nora",MORENA,O11,3,0.32276712783284256,1.071961444910663e-05,0.9842419234020032,0.4810956628057372
P02555,"Sánchez García, Lizeth",PT,O14,3,0.3183494700436631,1.071961444910663e-05,0.934364852785745,0.475415719551223
P02556,"Sánchez Ramos, Paloma",PRI,O15,3,0.25565228067926976,9.442144810855427e-06,0.9554552293892985,0.47182182003324546
P02557,"Sánchez Vásquez, Gustavo",PAN,O12,3,0.23183641779504618,6.22214210743701e-06,0.9116760469940945,0.46952399374306325
P02558,"Sanmiguel Sánchez, Imelda",PAN,O12,3,0.26735730818631376,1.071961444910663e-05,0.9116760469940945,0.46952399374306325
P02559,"Saucedo Reyes, Araceli",MORENA,O11,3,0.3191503685631701,1.071961444910663e-05,0.9842419234020032,0.4810956628057372
P02560,"Segura Vázquez, Eugenio",MORENA,O11,3,0.31980571002291824,6.262334423554415e-06,0.9842419234020032,0.4810956628057372
P02561,"Sheffield Padilla, Francisco Ricardo",MORENA,O11,3,0.3121825668188813,9.010256215605337e-06,0.9842419234020032,0.4810956628057372
P02562,"Sosa Ruíz, Olga Patricia",MORENA,O11,3,0.31614617252519944,1.071961444910663e-05,0.9842419234020032,0.4810956628057372
P02563,"Tello Espinosa, Claudia",MORENA,O11,3,0.28277738917589085,9.71246560664497e-07,0.9842419234020032,0.4810956628057372
P02564,"Toledo Zamora, Karla Guadalupe",PRI,O15,3,0.25659279683431857,1.071961444910663e-05,0.9554552293892985,0.47182182003324546
P02565,"Valles Sampedro, Lorenia Iveth",MORENA,O11,3,0.3199237607946379,1.071961444910663e-05,0.9842419234020032,0.4810956628057372
P02566,"Vargas Del Villar, Enrique",PAN,O12,3,0.2985725383785474,0.0006997845826336035,0.9116760469940945,0.46952399374306325
P02567,"Vázquez Robles, Mario Humberto",PAN,O12,3,0.2665919103809367,1.071961444910663e-05,0.9116760469940945,0.46952399374306325
P02568,"Viggiano Austria, Carolina",PRI,O15,3,0.2973137713405658,0.0007163116393761012,0.9554552293892985,0.47182182003324546
P02569,"Vila Dosal, Mauricio",PAN,O12,3,0.2469329424270679,2.895339799171642e-06,0.9116760469940945,0.46952399374306325
P02570,"Yunes Márquez, Miguel Ángel",MORENA,O11,3,0.3101414881870472,8.015205292832672e-06,0.9842419234020032,0.4810956628057372
P02571,"Zapata Bello, Rolando Rodrigo",PRI,O15,3,0.2564369201934548,6.262334423554415e-06,0.9554552293892985,0.47182182003324546
P02572,"Zatarain García, Susana",PAN,O12,3,0.26398763586892665,8.597119193656682e-06,0.9116760469940945,0.46952399374306325
P02573,"Bañuelos De La Torre, Geovanna",PT,O14,3,0.31242099432625237,6.136970791546052e-06,0.934364852785745,0.475415719551223
P02574,"Monreal Ávila, Saúl",MORENA,O11,3,0.3153014277250012,7.823071328187292e-06,0.9842419234020032,0.4810956628057372
P02575,"Silva Romo, Luis Alfonso",PVEM,O13,3,0.306316273179469,8.702206376285531e-06,0.9640929988437204,0.49054998393886995
P02576,"Murat Hinojosa, Alejandro",MORENA,O11,3,0.316186846577908,1.071961444910663e-05,0.9842419234020032,0.4810956628057372
P02579,"Reyes Carmona, Emmanuel",MORENA,O11,3,0.3203226158457498,1.071961444910663e-05,0.9842419234020032,0.4810956628057372
P02580,"Beltrones Rivera, Manlio Fabio",MORENA,O11,3,0.2602080162031269,6.517437905728541e-06,0.9842419234020032,0.4810956628057372
P02581,"Riquelme Solís, Miguel Ángel",PRI,O15,3,0.2617678398520271,1.071961444910663e-05,0.9554552293892985,0.47182182003324546
P02584,"Fierro Campos, Rosa",MORENA,O11,3,0.30437638665206396,1.4317941570700177e-06,0.9842419234020032,0.4810956628057372
P02585,"Castrejón Trujillo, Karen",PVEM,O13,3,0.34378629934208604,0.0003620165086852432,0.9640929988437204,0.49054998393886995
P02586,"Chavira De La Rosa, María Guadalupe",MORENA,O11,3,0.30707370721640603,8.672344664984596e-06,0.9842419234020032,0.4810956628057372
P02587,"Chíguil Figueroa, Francisco",MORENA,O11,3,0.3152066110600567,8.672344664984596e-06,0.9842419234020032,0.4810956628057372
P02590,"Ortiz Hernández, Tabita",MC,O16,3,0.2145759300397383,2.5021687339119008e-06,0.9741820819765118,0.4767273646006096
P02594,"Ortiz Pérez, Denisse",PT,O14,3,0.2826851172236771,3.7976323388147514e-07,0.934364852785745,0.475415719551223
P02595,"Arriaga Márquez, Bertha Estela",PAN,O12,3,0.2162252663426294,2.4118967776123237e-06,0.9116760469940945,0.46952399374306325
P02596,"García López, José Máximo",PAN,O12,3,0.3192919377585679,9.385918559494231e-07,0.9116760469940945,0.46952399374306325
P02598,"Bonilla Herrera, Raquel",MORENA,O11,3,0.3149812156901131,8.205516468018875e-06,0.9842419234020032,0.4810956628057372
P02599,"Evangelista Aniceto, Carlos Alberto",MORENA,O11,3,0.2590645735719302,1.335249704794129e-07,0.9842419234020032,0.4810956628057372
P02601,"Sandoval Ventura, Diego",MORENA,O11,3,0.2947399867084048,9.257084400807618e-07,0.9842419234020032,0.4810956628057372
P02602,"Pérez Pérez, Francisco Arturo",MORENA,O11,3,0.28517582212474735,4.054246962932524e-07,0.9842419234020032,0.4810956628057372
P02603,"Gutiérrez Santoyo, María Luisa",MORENA,O11,3,0.2970290934000605,2.640693225342553e-07,0.9842419234020032,0.4810956628057372
P02610,"Falcón Venegas, Sandra Luz",MORENA,O11,3,0.33280081620573615,0.0003909834324788974,0.9842419234020032,0.4810956628057372
P02614,"Fuentes Gutiérrez, Miguel Antonio",MORENA,O11,3,0.2563180792571402,1.737600183693625e-07,0.9842419234020032,0.4810956628057372
P02618,"Redin Morales, Hime Del Carmen",PT,O14,3,0.2590938623995155,1.4398653207573578e-07,0.934364852785745,0.475415719551223
P02625,"Zúñiga Maldonado, Virginia",PVEM,O13,3,0.2612510594313851,5.612601977955385e-07,0.9640929988437204,0.49054998393886995
P02681,"Dip. Aguilar Gil, Lilia",PT,O14,3,0.10965005756484097,2.3161556542233723e-05,0.934364852785745,0.475415719551223
P02682,"Dip. Álvarez Nemer, Mónica Angélica",MORENA,O11,3,0.1108212333375931,2.2070637868038957e-05,0.9842419234020032,0.4810956628057372
P02684,"Dip. Fernández Samaniego, José Armando",MORENA,O11,3,0.10408920512390464,1.2937775854710806e-05,0.9842419234020032,0.4810956628057372
P02685,"Dip. Gómez Maldonado, Maiella Martha Gabriela",MORENA,O11,3,0.11185686068814615,2.3161556542233723e-05,0.9842419234020032,0.4810956628057372
P02687,"Dip. Miranda Barrera, Luis Enrique",PVEM,O13,3,0.11651464801686126,2.3161556542233723e-05,0.9640929988437204,0.49054998393886995
P02689,"Dip. Padierna Luna, María de los Dolores",MORENA,O11,3,0.10302624116875861,1.2900669284612798e-05,0.9842419234020032,0.4810956628057372
P02691,"Dip. Valdés Peña, Jesús",MORENA,O11,3,0.11185686068814615,2.3161556542233723e-05,0.9842419234020032,0.4810956628057372
P02692,"Dip. Íñiguez Franco, José Mario",PAN,O12,3,0.07360691819581835,6.434984550469034e-06,0.9116760469940945,0.46952399374306325
P02695,"Novoa Toscano, David",PAN,O12,3,0.17266940814144263,9.48809093709381e-07,0.9116760469940945,0.46952399374306325
P02696,"Sobrino Argaez, Carlos Hernando",PRI,O15,3,0.1543160772733993,8.581184762742054e-07,0.9554552293892985,0.47182182003324546
P02705,"Dip. Ambriz Delgadillo, Humberto",PRI,O15,3,0.0663248788114473,5.914638327956282e-06,0.9554552293892985,0.47182182003324546
P02706,"Dip. Burgos Hernández, Anais Miriam",MORENA,O11,3,0.09880627063191556,1.543913767940729e-05,0.9842419234020032,0.4810956628057372
P02707,"Dip. Carbajal Méndez, Liliana",PVEM,O13,3,0.09779781667753414,5.914638327956282e-06,0.9640929988437204,0.49054998393886995
P02708,"Dip. Castillo Pérez, Carlos Alonso",MORENA,O11,3,0.09880627063191556,1.543913767940729e-05,0.9842419234020032,0.4810956628057372
P02709,"Dip. De la Vega Vargas, Alma Rosa",MORENA,O11,3,0.10509813298718332,8.626061504044393e-06,0.9842419234020032,0.4810956628057372
P02710,"Dip. Ferráez Centeno, Ana Miriam",MORENA,O11,3,0.0749084521614817,6.506058116014727e-08,0.9842419234020032,0.4810956628057372
P02711,"Dip. Gutiérrez Valtierra, Diana Estefanía",PAN,O12,3,0.09366261603263529,1.8704459265052125e-05,0.9116760469940945,0.46952399374306325
P02712,"Dip. Zavala Gómez del Campo, Margarita Ester",PAN,O12,3,0.08778827382118991,7.722188788561019e-06,0.9116760469940945,0.46952399374306325
P02713,"Dip. Ballesteros Mancilla, Laura Irais",MC,O16,3,0.09661703276457508,1.5978105448336235e-05,0.9741820819765118,0.4767273646006096
P02714,"Dip. Arreola Trinidad, Azucena",MORENA,O11,3,0.09533008318403192,6.350965608189856e-06,0.9842419234020032,0.4810956628057372
P02721,"Jaimes Archundia, Erik Iván",SG,O19,3,0.23934912359605415,4.112076954681729e-06,0.8444387962968763,0.46232936059866186
P02723,"Bolaños Azocar, Raymundo",PAN,O12,3,0.2566601251549529,4.462814964077555e-06,0.9116760469940945,0.46952399374306325
P02724,"García Gordillo, Edna Geraldina",PRI,O15,3,0.11608816897147774,0.0,0.9554552293892985,0.47182182003324546
P02725,"González Delgado, Erasmo Catarino",PVEM,O13,3,0.2090422957945768,4.99594159311207e-07,0.9640929988437204,0.49054998393886995
